"V1","V2","V3","V4","V5","V6","V7","V8","V9","V10"
0.31038673942477,0.553127989354434,0.230236077914473,0.78801709729367,0.208917024923405,0.904842063809732,0.219981572980315,666,0.476630893754823,0.023210877989567
0.439982341223714,0.835791474175031,0.433558777122221,0.880146157377838,666,666,0.193780110041175,0.638932005630202,0.138451152675459,0.978398926553782
666,666,666,666,0.20850021473794,666,0.0124938003338739,0.994229256181872,0.13338965475197,0.120318548228331
666,666,0.291161777358166,666,666,666,0.186443031204115,666,0.25666677209383,0.97841635731357
0.062916238073181,666,0.234961963955015,666,666,666,0.129001801617443,0.749436454872291,666,666
666,666,0.486114480026994,0.810951671197125,666,666,0.0210073466893641,0.852959179989603,666,666
0.292508791952978,0.101973420925634,666,666,0.00590528467159812,0.795867885053394,0.450994108821801,0.296984970743132,0.365229461185624,0.113726216725953
666,666,0.0753417109153628,0.0565498909619935,666,666,666,666,666,666
666,666,0.0850670014278248,0.247392160207632,666,666,0.174200163686092,0.968804107652453,666,666
666,666,666,666,666,666,666,666,0.135758965670024,0.57760551290183
666,666,666,666,0.260893718597114,0.882696911716029,666,666,666,666
0.299901788785305,666,666,666,0.179621454305047,0.0884980298098228,666,666,0.476428169937392,666
0.496277133103943,666,666,666,666,666,0.163675247248661,0.787714556100918,666,666
0.204443025096875,666,0.162964626907855,0.304971350981488,0.127928122619036,666,0.293598706742141,0.0750358721438338,0.350153314687724,0.721831885045823
666,666,666,666,0.374789585376298,666,0.12128367220604,0.369051450930667,0.266162936632907,0.216695671741865
666,666,666,666,0.207802064886885,666,666,666,0.150637415501553,0.507231550466817
666,666,0.432214912110374,0.843964544800192,666,666,0.190065745535009,0.720636533712767,0.329249657091791,666
0.400929060231134,666,0.398074803494344,666,666,666,0.456947131181131,666,666,666
0.0819345762829508,0.903141234638706,666,666,0.14677654922077,666,666,666,0.282742148217266,666
0.302790433888543,0.907481451577637,0.151510342231655,666,0.0806753618100975,0.118736341433143,666,666,0.479417177847356,666
666,666,0.467747417119945,0.247615747041153,0.394117542151422,666,666,666,666,666
0.167926780892661,0.578112860568944,0.0536624901412019,0.137043168597983,0.439017379043713,666,666,666,0.225500450639271,0.844646290918528
666,666,0.308804899074856,666,0.313134107999871,666,0.201687385367325,666,0.122232478879001,0.874175601827046
666,666,666,666,0.160886592763937,0.0130753097549658,666,666,666,666
666,666,666,666,666,666,666,666,666,666
666,666,666,666,0.458326668668621,666,666,666,666,666
0.144993053088505,666,666,666,0.169971195095524,0.268721920056459,666,666,0.319961957099469,0.838518198079075
0.313157359627336,666,666,666,0.0682760471322794,666,666,666,0.260766003980806,666
0.0641318646903681,666,0.447202513651034,666,666,666,666,666,0.028828295676348,666
0.0984692014941371,666,0.143473357363072,0.185269130582426,0.205305013508333,666,0.413712458482245,666,0.2722861491661,666
666,666,666,666,666,666,0.409249550098948,0.11925268981392,0.327170294286492,0.484787631000059
0.287118461549187,0.262827108274291,0.19051459357211,666,0.078661074885969,666,0.242283391058784,666,0.0786304218927293,666
666,666,666,666,666,666,0.446748608695198,666,0.135643738876064,666
0.468619719174433,666,666,666,0.451381911650121,666,666,666,0.373355799842701,666
0.355509817575959,666,0.424965477600395,666,0.407882170552009,666,666,666,0.296722134238992,666
666,666,0.462630659594471,666,0.0535352842113926,0.951247055624029,0.109565757734343,0.423556101894736,0.454599132337524,0.574887064116203
666,666,0.267532836419041,666,0.148305977095315,0.827312572874392,0.134345282043894,666,0.359147746238986,0.50808937223458
0.268541165759095,666,666,666,0.206949762403285,0.956791140950422,666,666,0.280029930666394,666
666,666,666,666,666,666,666,666,0.497549357719018,0.524624725876187
0.243419647764111,666,666,666,0.107401436462097,0.461455506818425,666,666,666,666
666,666,666,666,0.198936649656289,0.688064106676785,666,666,0.339346293267191,0.445689011099476
0.232171319790846,666,0.101904396373086,0.586137708519504,666,666,0.27740603265326,0.275000537055198,666,666
0.429187669074559,666,666,666,666,666,666,666,666,666
0.36228924522937,666,666,666,0.191615319298406,666,0.15185198418594,0.0906377387867723,666,666
666,666,666,666,666,666,0.102240885811922,0.623857277803854,666,666
0.12993826415183,666,0.432744448080637,666,666,666,666,666,666,666
666,666,0.300664846565416,666,0.399766536519943,0.812713947059117,666,666,0.459094764139925,666
0.30928998544036,0.373954039805092,0.165447857643605,0.221281027707666,666,666,0.313274632723719,666,666,666
666,666,0.236624498720363,666,0.246993656975,0.546064387103066,0.325112418098275,0.311363720880963,666,666
666,666,666,666,0.335961631955361,0.197208789890342,666,666,0.225052411434701,666
666,666,666,666,0.390992560307297,0.47666064087769,666,666,0.229569785469684,0.722072520057745
0.244061798201303,666,0.419396552598255,666,0.383357772054015,0.225915034943951,666,666,0.476406176545821,0.778762672621486
0.158872001351313,666,666,666,666,666,0.459102554113583,666,666,666
666,666,0.28456376023105,666,0.0298236706732118,666,666,666,0.291868657505881,666
666,666,666,666,0.0526774741673001,0.0392706462691526,666,666,666,666
666,666,666,666,0.294274302045904,666,0.170858019856822,666,666,666
0.313624848451929,666,666,666,666,666,666,666,666,666
0.242284659913807,666,0.438717902677656,666,666,666,666,666,0.19970639072778,666
666,666,666,666,0.172008959995591,666,666,666,666,666
666,666,666,666,666,666,666,666,0.20023119661185,0.288986420172659
666,666,0.161195563835927,0.962535628533643,0.436652883380894,666,0.363581517723071,0.0529791219242324,0.0035152669089813,666
666,666,0.233152721839698,666,666,666,666,666,666,666
666,666,666,666,0.306700705026121,0.680940648394397,0.322767464038596,666,666,666
666,666,0.428073032225328,0.665306900031001,0.491417006868876,0.467704031374379,0.297177915898756,666,0.353648454787273,0.464856345084887
666,666,0.131436252996654,0.630915207502796,666,666,666,666,0.458634722848992,666
666,666,0.0525436714223254,0.209517361286365,0.107636830876173,666,0.230726393455509,666,0.368641894950012,0.621741886644468
666,666,666,666,666,666,666,666,0.15671310576657,0.0903628900924787
0.293932986430998,0.329715488617902,0.254769291782551,666,666,666,666,666,666,666
666,666,0.12888777770836,0.123678032685189,666,666,666,666,0.477332979580923,666
666,666,0.295858675830536,0.777506971367222,666,666,666,666,0.365886247357211,0.618489929171104
0.427475646629798,666,666,666,666,666,666,666,666,666
0.167723582784495,666,0.258384371859401,0.729302857789986,0.174400515414624,0.845074149417167,666,666,666,666
0.491751837244515,0.541190011950471,666,666,0.220615790454042,0.57308199244373,666,666,666,666
0.287647954826895,0.970863801204996,0.266385726790175,666,0.291561799447403,0.79220770039756,0.303072299896878,666,666,666
666,666,0.221279232715881,0.0550129852866406,0.135745250458249,666,666,666,0.438198192119727,0.893588642542351
666,666,0.388889234711124,0.180175462844154,0.453746253699641,0.649368810563226,0.175286086120985,0.539346050058625,666,666
0.265990182100474,666,666,666,666,666,666,666,666,666
666,666,0.111723556662777,666,666,666,666,666,0.150424144205985,0.582941479159009
0.384531186772226,666,0.334905685589638,0.472240055940053,0.0375218613926234,666,666,666,666,666
666,666,0.0571595708522668,666,666,666,0.193116934958166,666,0.308891516121047,666
0.195571375998368,0.895928575593901,0.430528006527861,666,0.228703058812027,666,0.432794402926834,666,666,666
666,666,0.330495196987908,0.756774226809644,666,666,666,666,0.292920671237976,666
0.236194856460828,0.745004616180031,0.093068470821976,0.952941571039666,666,666,0.285316307285678,666,0.361151248643328,666
666,666,666,666,0.372506123018177,0.4214167214017,666,666,0.458503068466615,666
666,666,666,666,666,666,0.205948589491774,666,0.32852564385662,666
0.475323788968791,0.814307100923013,666,666,666,666,0.421002867372639,0.713833670472448,666,666
666,666,0.127415300806306,0.365547499045451,666,666,666,666,666,666
666,666,666,666,666,666,0.482569109566976,0.383458748573848,666,666
666,666,0.289135319344031,666,0.459106896331279,0.00204189871338922,666,666,666,666
0.425252773346095,666,666,666,0.289530187531673,0.800702492326854,666,666,666,666
0.0702888501979477,666,666,666,666,666,666,666,666,666
0.202810742698824,0.166870567823269,666,666,0.100741243951976,666,0.458078111506602,0.881180113316504,0.00547121158657438,0.904475424923604
666,666,0.419522869512324,0.515096704559916,0.359954086066637,666,666,666,0.160292632122533,666
0.395991441570014,666,0.366470836375735,666,666,666,0.316869506861441,666,666,666
0.328016741353335,0.23138012203044,0.198344077324741,0.102739779199307,0.134356212269426,0.0858527935833515,666,666,0.00367241456843925,0.733338534395902
666,666,666,666,666,666,0.232161438140969,0.19032437719129,0.170657226755775,666
666,666,666,666,666,666,0.33499600896066,666,666,666
0.485281802786946,0.0464410245779985,666,666,666,666,666,666,0.215429608303719,666
666,666,0.178993389889113,666,0.319861346336144,666,0.188285943563767,666,0.297128163786098,666
0.466723058391615,666,666,666,0.0821790303141986,666,666,666,0.162093170120705,0.726952714818701
0.151148967046601,0.182695666363518,666,666,666,666,666,666,666,666
666,666,0.351824512785692,666,0.199935774761994,666,666,666,666,666
0.407992370807144,666,666,666,0.2683505347426,0.471030207118867,666,666,0.347701512698738,0.843683524969891
666,666,0.488563392361328,0.734178333597863,666,666,0.141784987451827,0.194068905154325,666,666
666,666,666,666,666,666,666,666,0.189118820371414,666
666,666,666,666,666,666,0.0935788865506746,666,0.155607581532004,666
666,666,666,666,666,666,666,666,0.312956344619261,0.388839924290528
666,666,666,666,0.215292847836004,666,0.287370480551734,666,666,666
0.0898624596292423,666,666,666,0.16739113937992,0.497156617551101,666,666,0.403653968957286,0.204496145827517
666,666,0.147745612741471,666,666,666,0.318866865981617,666,0.461061179426223,0.0593210372031081
666,666,0.208843103049042,0.592556105279521,0.117930189667016,666,0.491899365041802,666,666,666
0.210500378847563,666,0.333661554791754,666,0.489265400365847,666,666,666,666,666
666,666,666,666,666,666,0.247720028924971,666,0.103014931442359,666
666,666,0.238382282812205,0.364649995733993,0.434911328691941,0.398442756186416,666,666,0.0795788977329701,0.75215631323518
0.127180210912349,0.350744281277489,666,666,0.484307185167664,666,666,666,666,666
0.259314934293288,666,666,666,0.308523587559048,666,666,666,666,666
0.123658234577037,0.574184147239436,0.253562620072828,666,666,666,666,666,666,666
0.0575272583095321,0.0391901981980798,666,666,0.0547245981006336,666,666,666,666,666
0.40204342783497,666,666,666,0.451299798196526,666,666,666,0.415518632877345,666
666,666,666,666,666,666,666,666,666,666
0.341972689161458,666,666,666,0.30295657784462,666,0.0920395261189551,0.869707418009635,0.153762869903068,0.989427431671052
666,666,0.410475215065518,666,0.0874881367824769,666,666,666,0.381954552535223,666
666,666,0.470201157682875,666,0.211770050195491,0.618446524384096,0.421907305493286,0.249776453221314,666,666
666,666,666,666,666,666,0.412547569400213,666,666,666
0.277611628134354,0.846819650066293,0.330695002503405,0.192540064423298,666,666,0.463934870106522,666,666,666
0.255372416418787,0.352544061269322,0.458642132024704,0.00623216750998701,0.184275371392276,666,666,666,666,666
666,666,666,666,0.215111978809138,666,666,666,0.307600883699438,666
666,666,0.340558531668297,666,666,666,666,666,666,666
0.211629262755933,0.624686497799448,666,666,666,666,0.0484052986088053,666,0.485275081143946,666
666,666,0.11472866274202,0.75409134897952,666,666,0.396860889419864,666,666,666
666,666,666,666,666,666,0.336362282474933,0.0642212026805473,666,666
666,666,666,666,0.098160683638103,0.71756284119375,666,666,0.171386784586279,666
0.36911841944662,0.279318143976423,666,666,0.464778380761401,666,0.168911635822694,666,0.227555174839184,0.817667551125898
666,666,0.100268606396467,0.763384916390883,666,666,666,666,666,666
666,666,0.195268860989937,666,0.311827312466184,0.767512316948753,666,666,666,666
0.401673186833865,0.400252049695866,0.206997243254381,0.941175461326582,666,666,0.449796647443206,0.961750152642118,666,666
0.117634395093178,666,666,666,666,666,0.115872841713428,666,666,666
0.314225145452007,0.712311251859452,666,666,0.0817845542755889,0.740043641141396,0.374506409487618,666,666,666
0.146299525137634,666,666,666,666,666,0.474830119778597,666,0.485099716341241,666
0.369098659701405,0.0821128499025248,0.494077450314363,666,0.205174068181609,666,666,666,0.168459635565557,0.975420047285402
0.471054781279946,666,0.484770861145389,0.172281757630381,666,666,0.471279145741911,666,666,666
0.346470865995726,666,666,666,0.492992634722159,0.698218750134655,666,666,666,666
0.200697611882572,0.172201882733596,666,666,0.101161015716366,666,0.285721180371719,666,666,666
666,666,666,666,0.352807018858052,0.0274548246427919,0.217944913435003,0.733948376070935,666,666
0.344547806593908,666,666,666,666,666,0.0381743742668619,666,0.469401287904853,666
666,666,666,666,666,666,0.310825539222856,666,0.0583906823811531,0.737561941009205
666,666,666,666,0.383729470075969,0.442772161581754,0.0249911133796059,666,666,666
666,666,666,666,666,666,666,666,0.267009987213829,666
666,666,0.426657697118987,666,666,666,666,666,666,666
666,666,666,666,666,666,666,666,0.211591341107883,666
0.295893476042719,0.370064680938538,666,666,0.472825483181325,0.323410974616964,666,666,666,666
0.173178530222384,666,666,666,0.253132563420962,666,666,666,666,666
0.135511793786641,666,666,666,666,666,0.125591599565501,0.735263522465671,666,666
666,666,666,666,666,666,666,666,666,666
666,666,0.184786844934123,666,0.391195379329672,666,0.415616668756357,666,666,666
0.196893677385254,0.18877054083821,666,666,0.470364886055991,0.125184449374999,0.345334099682908,0.303636571907226,666,666
0.415677001170002,0.124533382080313,0.322793062862481,0.642059314666336,0.0881230469681974,666,0.22367694433827,0.140625186210736,0.0469173402777265,666
0.176534948970072,0.381041599934874,666,666,666,666,666,666,666,666
0.272457329807747,666,666,666,0.0612277926753206,0.58732439765927,0.360451455040381,666,0.0808347622278458,666
666,666,0.320377833211071,666,0.110185681308462,0.207227668702772,0.0296655989028662,0.301306567960207,666,666
666,666,666,666,0.49899237425895,666,0.0818781972610317,666,666,666
0.360712974180718,666,0.21949782442934,0.0408488448811823,0.291929910691037,666,0.0984719113919766,666,666,666
666,666,0.28041365755331,0.518647290621656,0.0481217043316315,666,0.0826235560743153,666,0.0991325915503212,666
0.148637423570346,0.886709610814565,0.407477712509688,0.190800262660106,666,666,666,666,666,666
0.391879840709663,666,0.0802707039983376,0.523514262111989,0.155955710844363,666,666,666,0.304687347519746,666
666,666,0.245441019620902,0.339832518791356,0.298700741458448,0.241304699933543,666,666,666,666
0.289650712068139,666,0.202511079331645,0.430359970263443,0.43293181134644,666,0.304738530210478,0.00940321849233294,666,666
666,666,0.243714919561813,666,666,666,666,666,666,666
666,666,0.311357647060167,666,666,666,0.0463085022023606,0.921750991119906,0.176507298381369,666
666,666,666,666,0.293790943928612,666,0.471697278986271,0.06147516899131,0.348033326970632,666
666,666,0.480117443745983,0.881937345893645,0.165966546863686,0.371396441880077,0.461915578962897,666,0.314466679731954,666
666,666,0.0645666906357735,666,0.482371228339208,666,0.170958763559781,666,0.479168091327638,666
0.393810241591223,0.355724676276407,0.497886917213484,0.530579162043644,0.184355596848518,666,0.284240954899943,0.103628561803897,0.117065935232648,666
666,666,0.157726601825788,0.253438107301635,666,666,0.268040907571607,666,666,666
666,666,0.479289193231929,0.717872531227538,666,666,666,666,666,666
0.483481737320387,0.987364281376328,0.289207721888982,666,0.165295251084765,666,0.436105203920749,666,0.47065919518469,0.720677158525225
0.380426048035143,0.923081421908414,666,666,0.421383240110449,0.574156671254911,0.303020863212436,666,666,666
666,666,0.309550128567594,666,0.148956976333719,0.117987950899995,666,666,666,666
0.279739433151474,666,0.0300091261206855,0.256308388256158,666,666,0.126475291061825,666,666,666
666,666,666,666,666,666,666,666,0.365647110807249,666
666,666,0.326168394930699,0.135200543761,666,666,666,666,666,666
666,666,666,666,0.0931837995012905,666,666,666,666,666
0.473150381221245,666,0.109429639109431,666,666,666,0.200628455034233,666,0.321971562437675,666
666,666,666,666,666,666,0.372406825252118,0.678563386162436,666,666
666,666,666,666,666,666,0.350339293852324,666,666,666
666,666,0.0658426111516422,0.951529886778492,666,666,0.468947088969406,666,0.182332862129491,666
0.33347753565584,666,666,666,0.445097968436935,0.509547174982338,0.347814997533178,666,0.45397455368678,0.916339248926428
0.354155495480382,666,0.344293997747548,0.485896847197756,0.428086141718262,666,0.459995503006807,666,666,666
0.260642890794901,0.626863667253175,0.384759579825122,0.526339650850769,666,666,0.137914521159544,666,0.330904324005546,0.778281494804683
666,666,666,666,666,666,0.411959715512125,0.229319042437215,666,666
0.393095598077381,0.79547365462477,666,666,0.275817375759788,666,0.190817978157787,0.433746057827076,0.411972631478608,666
666,666,666,666,666,666,666,666,0.381990053445832,0.240697852633535
0.219940736052811,666,666,666,0.0965488182709677,0.0397601992983234,666,666,0.2264966457543,666
0.476453684106669,666,666,666,0.2000625532881,0.82088126217269,666,666,0.152711814882607,666
0.353241274519678,0.225229524845227,666,666,666,666,666,666,0.228619481297571,666
666,666,0.342193921648227,666,0.364493841763908,666,0.0925579936347574,0.654752812401738,666,666
666,666,0.057751811955575,666,666,666,666,666,0.296572731760784,0.737383951066807
666,666,666,666,0.396406957139376,0.372476497095134,666,666,666,666
0.103048574770828,0.227086953261119,666,666,666,666,0.11161254510517,0.0598295650177016,0.457521290692487,666
666,666,0.350257424706147,666,666,666,0.43796548978727,0.543365715580157,666,666
0.131689700941724,666,666,666,666,666,0.17171231095325,0.310024604469622,0.257410115901028,666
666,666,666,666,0.0554792931279608,0.416210142185846,0.0364396416572192,666,666,666
0.351427131034489,666,666,666,666,666,0.165617474892272,0.49870861738212,666,666
0.246306927495767,666,0.46011396352224,0.143502812280652,666,666,0.161666540202961,0.813492638880503,666,666
666,666,666,666,0.419711337355967,0.830927076778954,666,666,666,666
666,666,0.411837044911848,0.927206634598462,0.359832963546142,666,666,666,666,666
666,666,666,666,666,666,0.406214889162204,666,666,666
0.44847377500481,0.457025903476147,0.309218549843242,0.998445953300178,0.463370620252384,666,0.199440133107873,666,0.49292709722817,666
0.132079045080332,0.590745870698426,666,666,666,666,0.332621503895391,0.277447882617409,666,666
666,666,666,666,666,666,0.278406048955449,0.899773187673725,666,666
0.306972608172312,666,0.22852153307085,666,0.0887107530214178,0.576078997942243,666,666,666,666
666,666,666,666,666,666,666,666,0.368431247656141,0.683942236253054
0.451783701211001,666,0.372457652911576,0.621474042442189,0.42180455868787,666,666,666,666,666
0.149629011247601,0.398070242157656,666,666,666,666,666,666,0.0363428445382522,666
666,666,0.315828168074997,666,0.132310317230402,0.281168995364157,666,666,666,666
0.394143527695356,0.692424299215044,0.193527705989532,666,666,666,0.430497394163262,0.371379142403278,0.179905326156423,666
0.328400592741061,0.649031319993844,666,666,0.440376370201592,666,666,666,666,666
666,666,666,666,666,666,0.0247485835278582,0.500859654645233,0.300375169366667,666
0.349674337230779,666,666,666,0.33295458092866,666,666,666,666,666
666,666,666,666,666,666,666,666,666,666
0.0914605155347322,0.157592758165664,666,666,666,666,0.381392329452675,0.0997625161023525,0.0429469851192211,666
666,666,0.105744023440079,0.877757145771092,0.452823075733613,0.106890348097757,666,666,0.119000577497347,0.680320906020513
666,666,0.2656343632054,666,0.258347100846647,666,0.18712903645243,0.582426017643027,0.107288031308964,666
666,666,0.189899097136358,666,0.0134016928324401,666,0.275470484410395,0.806430045448812,666,666
0.273129346911525,0.490857346302909,0.249955296744858,0.509013015970802,666,666,666,666,0.179743337262044,666
0.224682739426199,0.965695955714663,0.354041595807468,666,0.261651584414088,0.966605900544752,666,666,0.0714489393395404,0.652710956417141
666,666,666,666,666,666,666,666,666,666
666,666,0.488517407323235,0.958063716528226,0.214909959563713,666,666,666,0.172305358595269,0.353975629300961
666,666,0.142332699739392,666,0.428315987514242,666,0.301526699865565,0.919107779407691,666,666
0.279912293824821,0.710796756237048,666,666,666,666,666,666,0.143705030021665,666
666,666,0.460920380885774,666,666,666,666,666,0.386258366280457,0.0647827420371971
0.33852552101164,0.427398541793687,666,666,0.425907959691116,0.494718665363671,0.449854312602391,666,666,666
666,666,666,666,0.151354401835517,0.851698344359875,666,666,666,666
666,666,666,666,666,666,666,666,0.105321901684946,0.62200406171356
666,666,0.221441386745837,666,666,666,666,666,666,666
666,666,0.0984630541902207,666,0.0248405299656933,666,666,666,666,666
666,666,0.152281345293889,0.862699976521742,666,666,0.111226966000507,0.18314903920257,0.392011682192878,0.822643441357438
666,666,666,666,666,666,0.0479649108675595,666,0.272776501633607,666
666,666,0.188019474082111,0.963964502433752,0.172331884759575,0.135399820844132,0.403855256457148,0.993167489686328,0.0457402172434044,0.0506639220766112
666,666,0.459046509558186,0.379206514367737,666,666,666,666,0.127453103430196,666
666,666,0.237025564535974,666,0.383567827113928,666,0.217095886036346,666,0.270216212474063,0.0380377244033427
666,666,666,666,0.428495253530316,0.311101043892124,0.478563694340714,0.035591605499639,666,666
0.188593036588254,666,666,666,0.395114530811286,0.265185936215274,666,666,666,666
666,666,666,666,666,666,0.213683460310599,666,666,666
666,666,0.475490347678647,666,0.241247983759008,0.588882710779811,666,666,666,666
0.251085266282655,0.44976921808734,0.362816384444448,0.359209218881602,666,666,666,666,666,666
666,666,666,666,666,666,0.172384925379581,0.368745372293442,0.270653932361395,0.0473357372891865
0.411688496980692,0.431428223396764,666,666,0.231233823436456,666,666,666,666,666
666,666,0.225456133562572,0.6337965700515,666,666,666,666,0.275026015285042,0.568415185284915
0.453162371625358,0.931200970361359,666,666,0.339571168744513,0.726052585171151,666,666,0.355039778135704,0.622100833875045
666,666,666,666,0.343214686271483,0.725549868057096,0.142930233080677,0.441308640776762,0.310556664294674,0.959575156479556
666,666,0.151714445376781,0.423454687768935,666,666,0.176408128918962,666,0.237712277876848,666
0.341352175093178,0.144686572445796,0.3113583984403,666,666,666,666,666,666,666
666,666,0.44752062860135,0.375871318717694,666,666,0.457570712284368,666,666,666
666,666,0.397297405037525,0.0859190403521224,666,666,0.226871316519274,0.288594463077689,0.14021854067904,0.903592475849883
0.489536048199126,666,0.465587562896786,666,666,666,0.361211009254585,0.916762163919343,0.0792685263857899,0.808347682015094
0.202754621433714,666,0.0321240076698792,0.853062162849233,0.47142815771564,0.212506558756079,666,666,0.273522652531727,666
666,666,666,666,666,666,0.399128136580496,666,666,666
666,666,0.249037673171652,666,0.387290146623371,0.928044982297885,666,666,0.323843989161597,0.131840273285797
0.0977292037663366,666,666,666,666,666,0.0296733443236092,0.526377599645818,666,666
0.143856284254716,0.083630084913392,0.304700411005295,0.613130022854951,666,666,666,666,666,666
666,666,666,666,666,666,666,666,666,666
666,666,666,666,0.13798898803369,0.465439428093488,0.0650582099401912,666,666,666
666,666,666,666,0.447522203181946,666,0.475508574251979,666,0.266343878583037,0.463382730816252
666,666,0.49255459129716,0.658081801534944,0.287939693534594,666,666,666,0.238411467685826,666
666,666,666,666,0.373653249646046,666,666,666,0.0790490476334155,666
0.190668388318969,0.480010671809827,0.380410595684463,666,666,666,0.119855277834033,0.334385970176942,0.011640901970748,0.333569329251623
666,666,0.337118743351213,0.450042353326963,666,666,0.193303776214794,666,666,666
666,666,666,666,0.485544158501242,0.564252150959416,666,666,666,666
0.317340306770611,0.329939269388722,666,666,0.127268202030264,0.750766755651362,666,666,666,666
0.274524738972741,666,666,666,0.0732886094958449,666,666,666,0.493265260137561,0.177489235161288
666,666,0.322370231238915,0.0868959146537049,0.106297117422937,666,666,666,666,666
666,666,666,666,0.0661912329469416,0.495442091376541,0.368936659842454,666,666,666
0.312387935274834,0.584752436599173,666,666,0.355377148164237,0.0185532607767858,666,666,0.232378122554693,666
666,666,0.194665608359619,0.110453152991843,666,666,0.472869085708248,666,0.310251484463706,666
0.0808609568591131,666,0.496601086394066,0.273881912678215,666,666,0.45602278019382,0.809969173646037,0.0769628142392338,0.675892608423648
666,666,0.108293988617705,0.892536146029176,0.434441337357277,666,0.337893535611179,666,0.176955008871177,0.67314903032777
0.454789546292449,666,666,666,0.0373054011594587,0.588620536204295,0.180647553004145,666,0.394745589463634,0.769109721129637
0.145245042861189,0.704626172639131,666,666,666,666,666,666,0.256780047027224,0.337049366927859
0.497282792786723,666,0.129846208463975,0.838334829517905,666,666,0.288120484380285,666,666,666
0.36397167102105,0.174197499041658,0.122957283325004,666,0.361030266337316,0.424757163268751,0.499536600417576,0.206931747057453,666,666
666,666,666,666,666,666,666,666,0.184227813123401,0.640135951654431
0.221939381650979,0.888186080032323,666,666,666,666,0.48905734511183,0.336422330059583,666,666
0.409541116469264,0.725855175120594,666,666,0.463444986782307,0.171232303706622,666,666,0.496305337476455,0.591867205074833
0.438398380658511,0.523412829437147,666,666,666,666,666,666,666,666
666,666,666,666,666,666,666,666,666,666
0.209877198611301,666,0.475165582183048,0.568774666786492,666,666,666,666,666,666
0.403293467916312,0.227853802232324,666,666,0.415955211003009,666,0.0814664475887426,666,0.198775266518369,666
0.356326589553655,666,666,666,666,666,666,666,0.200262409088325,0.557506857422587
0.484902107789152,0.560832255958487,0.231514896819149,0.216401470698031,666,666,666,666,0.330859664440506,0.113398211603415
666,666,666,666,666,666,666,666,666,666
666,666,666,666,0.414102503542414,0.333639703160601,666,666,666,666
0.379157340815847,0.103538739482213,0.246124464731091,666,666,666,666,666,666,666
0.188144485588012,666,0.427097697033042,0.947362483731676,0.299357715140721,0.937509874898145,666,666,666,666
666,666,0.414057632731186,666,666,666,666,666,666,666
666,666,666,666,0.0465580126477547,0.73567402969017,666,666,666,666
0.154278212442694,666,666,666,0.443248880998592,0.612480369710268,0.0922532915500576,666,666,666
666,666,0.106364348823325,0.654055451824016,666,666,666,666,666,666
666,666,666,666,666,666,0.326165125630251,666,666,666
666,666,666,666,666,666,0.0973213028618238,0.313745691159573,666,666
666,666,666,666,0.21630129329713,666,666,666,0.188643073574725,666
0.241095816318591,666,666,666,666,666,0.350143442271175,666,0.354872616643158,0.583434835038156
666,666,666,666,0.146455044028214,666,0.0430835600935694,666,0.106317988894406,666
0.127711888962982,666,0.339162455950428,0.570873521325433,0.12351796102581,0.294593070946036,0.128878826429638,0.00918397409115479,666,666
666,666,0.38641373569989,0.903170653286674,666,666,0.363989705695578,0.98609597027925,0.290873196450364,666
0.0754509632845231,666,666,666,0.282452863166356,0.909848525266128,0.0672579708628509,0.951092482332993,0.240426394295085,666
666,666,666,666,666,666,666,666,0.273920645141651,0.568792840536319
0.100714654374112,666,666,666,666,666,666,666,0.0631361193431197,0.281234255016547
666,666,666,666,666,666,666,666,0.256345963702483,666
0.249983578851479,666,0.345187278946898,0.587322796801198,666,666,666,666,666,666
666,666,666,666,666,666,666,666,666,666
666,666,0.285387758516262,666,666,666,666,666,0.350062857106533,666
666,666,666,666,666,666,0.024105433018099,666,0.419630223437467,0.336006224346504
0.0707081777827725,666,666,666,0.323076241400438,0.946260499151082,0.0557769424130454,0.60710267030048,0.104689093336687,0.850193350419041
666,666,666,666,0.459408295623686,666,0.0277254660823572,0.580774045494107,0.446034599944405,0.457272929640145
666,666,0.321957693730501,666,666,666,666,666,0.37035298283898,0.576102869028342
0.402517644116639,0.488144611498019,666,666,0.282432433434109,0.752146526630603,666,666,666,666
0.196943110673466,666,0.229722773948204,666,666,666,0.288271771679836,666,0.356776731351412,666
666,666,666,666,666,666,0.182346184409356,0.536921188022168,0.148870904567439,666
666,666,0.192235722645344,666,0.164196448169768,0.687414468327557,666,666,666,666
666,666,0.128991248911457,666,666,666,666,666,666,666
666,666,0.365949809979724,666,0.0377265151034256,0.626784426789131,666,666,0.318220774937728,666
0.292430505829176,666,0.104328438636285,0.934358901299631,0.255981516798456,0.345553018697654,0.418682995612818,666,0.107555488334218,0.911615271270884
0.193016921178853,666,0.105099490569099,0.826488720460215,0.226403325445282,0.905888171214189,666,666,666,666
666,666,666,666,0.139112161195212,666,666,666,666,666
0.336120224591035,0.502301986115055,0.0495102781744121,0.794980701939233,666,666,0.128458865398537,666,666,666
666,666,666,666,666,666,666,666,0.293932313177762,666
666,666,666,666,666,666,666,666,666,666
0.235377379927287,666,0.108419001084706,0.643035687706734,0.198573043835949,666,666,666,0.156265896386315,666
0.31870585477216,666,0.426028425587147,666,0.104981511684057,666,666,666,0.264580502111431,666
666,666,666,666,0.291687664568724,666,0.242933466750828,666,666,666
0.136051207108768,666,0.495481746388139,666,0.0156499118447855,0.202809105732497,0.320842025704185,666,666,666
666,666,666,666,0.0984808983297857,666,0.425318817209546,666,0.255892628120795,666
666,666,666,666,666,666,666,666,666,666
666,666,666,666,666,666,0.491207606848608,0.433343032687907,0.00869522828621216,666
0.112059813970336,0.642470739658785,666,666,0.10897889403858,0.217268820721421,666,666,0.0806007217784648,666
0.327644613581553,666,0.117003619251122,666,0.431743202380188,0.030752424687396,666,666,0.173670848507119,666
666,666,0.461850267039849,666,0.424492356075617,0.83090746231208,0.0631485314976741,0.350585393209826,0.258118121994228,0.829468551193958
0.329812325757755,666,666,666,0.239610107617726,0.44151596541053,0.192738199045282,0.709724668234789,666,666
666,666,666,666,666,666,0.115729277186015,0.451630342439311,0.131122555192954,666
666,666,0.278388266430597,666,0.11191746048669,0.496050214931229,666,666,666,666
666,666,666,666,666,666,0.268021857871587,0.792949663161693,666,666
666,666,666,666,666,666,0.014062663386827,666,666,666
666,666,666,666,0.477564183154062,666,0.463324341904962,0.0341317645537162,666,666
0.19088648189334,0.672066418022895,666,666,666,666,0.0779462811722273,0.0273388231693037,0.143186209422959,0.515107668637595
666,666,666,666,0.214644630858447,666,666,666,0.488572506752504,0.651700792962484
0.246270500780111,0.257042163709681,0.472871142032796,666,0.135061388392153,0.891861389014405,666,666,0.208281183254595,666
0.243722844845315,0.759185870930862,0.415506112427626,666,666,666,666,666,0.29402965566008,666
666,666,666,666,0.0268568907425741,0.382929003616267,666,666,666,666
0.221908799449908,0.923008573481594,0.12607335249542,0.612768987609725,666,666,666,666,666,666
666,666,666,666,666,666,0.415708049862324,0.446359519432705,0.376836413859145,0.150336992926787
666,666,0.367884289321555,666,0.332059686511364,0.702641196439009,0.158716864579466,0.552338505357803,666,666
666,666,666,666,0.09506946933288,0.38205329397839,0.113619476482372,0.579752655279176,666,666
0.118644792393121,0.441678807756415,0.28791888375993,0.0926513541852052,666,666,666,666,0.0788068766320097,666
0.254487771607121,666,666,666,0.149222394753959,666,666,666,0.277373768010882,0.216030023510803
666,666,666,666,0.306990671491847,666,666,666,0.354060099746191,0.664445569144976
666,666,666,666,0.212914852540798,0.185956026445399,0.326290367310678,0.705052837204389,666,666
666,666,0.345207804475738,666,666,666,666,666,666,666
0.257208283649992,666,666,666,0.22207526646191,666,0.238945543653525,666,0.0429998522174861,0.815751126197317
0.399282471561607,0.215402225717177,0.30217477073639,666,0.466520721336777,0.175517416499691,666,666,0.164672498859292,0.066935520358542
666,666,0.244065990590672,0.118982817270878,666,666,0.409816106726035,666,666,666
666,666,666,666,666,666,0.471792731975759,666,666,666
0.450165948200964,0.960313933711625,666,666,666,666,666,666,0.458792226846911,0.512667227727617
0.217765076620082,0.358294780550077,0.366426599809037,0.526566042806684,666,666,666,666,666,666
666,666,666,666,666,666,0.406629699022827,0.3860565798979,0.219728470631683,0.612693523267944
0.214726582479774,0.37613578015005,0.302756491116376,666,0.360197661487423,666,666,666,666,666
666,666,0.290400143546194,666,0.051773242945411,666,0.365800370052647,666,0.450301353531317,666
0.450839628723634,666,0.178667559646081,0.470865188212938,666,666,666,666,0.470738894000107,666
0.490839126742646,666,0.0761829440041564,0.680177511185869,0.0991958868363215,0.499092754875772,0.463212021097973,666,0.484770020295484,666
0.311867557008972,666,666,666,666,666,0.453340241113296,666,0.383477835200962,666
666,666,666,666,666,666,0.0933027759489915,666,666,666
666,666,0.161717531077887,0.470133150516536,0.118218105343574,0.607706793325012,666,666,666,666
666,666,0.0980111935245099,666,666,666,0.180054335743715,666,666,666
0.337016660707505,0.5123198444223,666,666,666,666,0.174738753384713,666,0.468234077719066,666
666,666,666,666,0.049712303274307,0.545345560035316,0.298090897237955,0.318770446710948,666,666
0.134023243141788,666,666,666,0.300386930717212,0.331112875696018,666,666,666,666
666,666,0.257012370544153,666,0.390251730553412,666,666,666,0.221540506152113,0.253803083234828
0.130163195314052,666,666,666,666,666,666,666,0.0637723133628409,0.515572899072292
666,666,0.00902001978038647,0.933428823954558,0.139635935090052,0.846814147785491,666,666,0.476202548184768,666
666,666,0.429995257625128,0.789987207915907,0.442380674934012,0.493730579550191,0.479014487118448,666,0.404645935936973,666
0.476423950945663,0.236389475433686,0.122152135378956,666,666,666,666,666,666,666
666,666,666,666,666,666,666,666,0.303479717316992,0.60596483971047
0.158811082591255,666,0.279477133742345,666,666,666,0.0157801098312982,666,666,666
0.467969356505757,666,666,666,666,666,666,666,666,666
0.0995404842012011,666,666,666,666,666,0.428127029100812,0.395570952825695,0.223879388213586,0.540098371947095
0.178547399310317,666,666,666,666,666,666,666,666,666
666,666,666,666,0.397539774763157,0.779940500551669,666,666,0.116232589186728,666
0.232262890653236,666,666,666,0.217445162958968,666,0.493444006407236,0.165994969441865,0.454583268172154,666
0.060048026313504,666,0.435646922337449,666,666,666,666,666,666,666
666,666,0.0125268751861105,0.887078640719564,0.473774866486989,666,0.463191048611552,666,666,666
666,666,0.4812257519292,0.321118001456047,666,666,0.228206284040525,666,666,666
0.139700292861719,666,666,666,666,666,666,666,666,666
0.265300677058146,0.585394001098314,666,666,0.434140491291717,666,666,666,666,666
0.333345994360393,666,666,666,666,666,666,666,666,666
666,666,666,666,0.193227671778762,0.342599796448325,0.459110120884984,666,0.252894673893457,666
0.0917157518334211,666,666,666,0.438388761162409,0.287218377554646,666,666,0.466749648729541,666
666,666,666,666,0.0533743753441738,0.927268718543295,666,666,666,666
0.244129346259739,666,666,666,666,666,0.230800545394835,0.965902305736768,666,666
666,666,0.110088345772583,666,0.475083228461781,0.477707746293781,666,666,0.163672119238948,0.363613815777828
0.255974592329806,0.929274131105925,0.469077610352834,0.907494924538825,666,666,0.344915861072955,0.332773447374437,0.270565011796206,0.701223593271614
0.387472835049122,666,0.398094196490901,0.94991469678078,666,666,0.320348816405209,0.569047624729863,0.15223228908225,0.253734686958141
666,666,666,666,666,666,0.264085636358155,666,0.0557488370551108,666
0.199393476099829,0.89516974080859,666,666,666,666,0.0144266338344833,0.71679314686583,666,666
666,666,0.180541940984361,666,666,666,0.0138722858409831,666,666,666
0.410370289750003,666,666,666,0.296585477496924,0.996371727282144,0.412798761512289,666,666,666
666,666,0.242165810143488,0.452822812297631,0.257159291418251,0.713694513387993,666,666,666,666
666,666,0.212868992508301,0.601071030096848,666,666,666,666,666,666
0.2168715522551,666,0.171749683348273,0.79761428272834,0.276526588463258,666,0.319806589595537,666,666,666
666,666,0.432442274759219,0.862480701548127,0.0927377402489993,0.833361851528804,666,666,666,666
666,666,666,666,0.235030268271142,666,666,666,0.0275670278126763,666
666,666,0.209950811021273,0.87142373696986,666,666,0.0991021903279248,666,666,666
666,666,0.338549558019888,0.579363319330005,0.400488739032973,666,666,666,0.328186298128534,666
666,666,0.314487842702198,666,0.340190456160496,0.245794139115021,666,666,666,666
666,666,0.466670077306563,666,0.229019150557293,666,0.205857302783994,666,0.474858657076502,666
666,666,666,666,0.474687008950746,666,666,666,666,666
0.141278937072198,0.407879758087341,0.23952472307783,0.390405187037371,666,666,0.150577150762198,666,666,666
666,666,0.455879936551002,666,0.0876699449496802,666,0.221525253349127,666,0.403588367895218,0.053570363564436
0.484966475416647,0.145969465212096,666,666,0.273823817121721,0.384823827705765,0.309254196008186,666,0.108681467697533,666
666,666,666,666,666,666,666,666,0.402031638012835,666
666,666,0.402042185545704,666,0.360020062367334,666,0.247836706423762,666,0.155714358105248,666
666,666,0.191241074891224,0.560994098053887,0.288490563889136,0.466197133005525,666,666,666,666
0.173352598350249,666,666,666,666,666,0.324824833377149,666,0.345718283231156,666
666,666,0.119009605109466,0.254882018634025,666,666,0.410008416944321,666,666,666
666,666,0.218182537323155,0.822176898739719,0.0904525317095842,666,0.0152388571654503,0.347268702279958,666,666
0.1565599973339,666,0.1814840825292,666,666,666,666,666,666,666
666,666,666,666,666,666,0.117991204558753,0.860820792647923,0.184447088812766,666
666,666,666,666,666,666,666,666,666,666
666,666,666,666,666,666,666,666,0.106493234157512,666
666,666,666,666,666,666,0.41586560923978,666,666,666
666,666,0.311201950898245,666,0.0596465655847339,666,0.113336014181084,666,666,666
666,666,666,666,0.403979166351556,666,666,666,0.097289624350086,0.519812758348288
0.269441515524541,0.397946198189767,666,666,666,666,0.135686807599768,0.600798659242739,666,666
0.335617770310057,0.623333258194376,0.152979532658031,666,0.438870918006789,666,0.109427606610217,666,666,666
0.316841655549782,666,666,666,0.485492953625719,0.397672316577759,666,666,666,666
0.204348745633762,666,0.350570145811196,0.302114298156996,0.364077445566595,0.0193047737674559,666,666,666,666
666,666,0.459660777531265,0.675572516734756,0.463728546757776,0.961817897114644,0.365911126379182,0.513062776091905,666,666
0.332915012409209,0.119750678087982,666,666,666,666,666,666,0.0298189377401816,666
666,666,666,666,0.305673261544215,0.11630435099285,666,666,666,666
666,666,666,666,0.18305506424652,666,0.378818146900236,666,666,666
666,666,0.0917129254340658,0.632506298767279,0.368796198760527,0.69802214202513,0.0128588836910903,666,0.325781489269319,0.229618800684837
0.266546848695818,666,666,666,666,666,0.0994608023530998,0.516596001640424,666,666
0.499100513353247,666,0.294775738909869,0.713319522777911,0.142215847702368,0.617055870564049,0.289654960858836,0.678547834183744,666,666
0.335862494052995,0.333089025456506,666,666,0.346887778518398,666,666,666,666,666
0.253934927266319,666,666,666,0.0741092634811522,0.784752953529255,0.311741880153473,666,0.193322337759289,666
666,666,666,666,666,666,0.397085149516012,666,0.0588331200877223,0.815617069441046
0.429017761119097,0.888936222304152,666,666,666,666,666,666,666,666
666,666,666,666,0.444180952360761,0.513124723636564,666,666,0.352969029541231,0.201080249683586
0.222686015936547,666,0.458765281474835,666,666,666,666,666,0.333620238753797,666
666,666,0.101494474975217,666,0.269855194505121,666,666,666,0.48225342746222,0.951863570719152
0.380069034782997,0.899918037695117,666,666,666,666,666,666,0.351356085837723,666
0.322566622953016,0.814481875015339,666,666,0.392784018637546,666,666,666,666,666
666,666,0.375496155225755,0.715319215009016,666,666,0.238613520961295,0.670058536954029,0.416373147133986,0.0897497082480774
0.129037580591394,666,666,666,666,666,0.121328969447289,666,666,666
0.432496428168275,0.951858550468222,0.268440515413172,666,666,666,0.347192610513786,0.670400500943275,0.464515852563943,0.565203837692976
666,666,0.229713234794305,0.799629282864926,666,666,666,666,666,666
0.298822717201116,666,0.221039589638459,0.74030726913313,666,666,0.0632850019371278,0.491859718545729,0.0768513248425839,0.928734755141988
0.123607393231587,666,666,666,0.0193866734880076,0.912818098668831,666,666,0.403544882673068,0.774266451417903
0.250921481866561,0.980914585672163,0.460690700438445,0.358468255872242,0.158469576383954,666,0.175477526715006,666,0.0525432670120149,666
0.114162384082738,666,0.304602356847383,666,0.474175386170567,666,0.327710287877322,0.635606633843284,0.443372783465059,0.810856130261436
666,666,0.0956928696225623,0.324792187389588,666,666,666,666,666,666
666,666,0.218460751352243,0.747515173842584,0.0750561163006433,666,0.445092739657627,0.69816674898534,0.187309498507827,0.828220193154654
666,666,0.215407271326083,666,666,666,666,666,666,666
666,666,0.134340591443561,0.203846537555331,0.0180306086829066,0.232927125685624,666,666,0.026848569158885,0.366182649539639
0.497430440275007,0.728524353487219,0.304933265723403,0.221353185961595,666,666,0.472889907633917,0.935555408295856,0.333325097552001,666
666,666,666,666,666,666,0.144159449600116,0.82245736044329,666,666
666,666,666,666,666,666,666,666,0.117211049351899,0.494693334729611
666,666,0.0534630316337894,666,0.413084797179208,0.312591375892083,0.426056563005972,666,666,666
666,666,666,666,666,666,0.205117613384572,666,0.146843000061833,666
0.127626263649179,666,666,666,0.138968640714883,666,0.466366389309313,0.777738977002382,0.0126350221743334,666
666,666,666,666,666,666,0.490013874842335,0.0395993434534327,0.295837610842708,666
0.367839676599387,666,666,666,0.36052960780093,666,666,666,0.10091438266311,0.832381694211718
666,666,666,666,0.0903384808264525,666,0.306769780057508,0.769367103568319,0.247229020884318,0.756539271863357
666,666,666,666,666,666,666,666,666,666
0.242620965598204,0.972272513241708,666,666,0.423792735547478,0.840997776994371,0.226713605267511,666,0.497141747109426,0.878860326395786
666,666,666,666,666,666,0.356063833870434,666,0.181429741646583,0.329241874289387
666,666,666,666,0.340927813104148,0.220604162795733,0.148769077290733,666,666,666
0.196853143434024,0.82812920358469,666,666,0.344661878047523,666,666,666,666,666
0.432056826171522,0.268613945514729,0.444481014407682,0.401440905690419,0.453796189888849,666,666,666,0.44620262332555,0.77594176683639
0.44532491316859,0.311414912878849,666,666,666,666,666,666,666,666
666,666,666,666,666,666,0.0309846974118156,0.616977156587627,0.363822204145181,0.479020504005512
666,666,0.476432720875661,0.509054913938822,666,666,0.349241540121561,0.773539292711597,0.0892931547349849,666
666,666,0.395195260317486,0.154389011339966,666,666,0.187552410864519,666,0.21325273019269,666
0.273869398913846,0.729920992553497,0.13771609669948,0.839133690585367,666,666,666,666,666,666
666,666,0.187705018501803,0.559057795502127,666,666,0.0250636148260589,0.295592965697986,0.459632944437809,0.00499508051531228
0.290534890528239,666,666,666,666,666,0.0840286418030041,0.922320047950479,0.123023091509365,0.85435244189145
0.114219825091033,0.63142681517199,666,666,0.457878991244024,666,666,666,666,666
0.14572599770723,0.388881311465233,0.404200803176175,0.24973200903913,0.291503204295484,666,666,666,666,666
666,666,666,666,666,666,666,666,666,666
666,666,666,666,666,666,666,666,0.472203684305184,666
0.366692370539951,0.330269963749129,666,666,0.342830601099791,666,666,666,666,666
0.345672811644586,0.113445927641481,666,666,0.214063989462077,666,666,666,666,666
666,666,666,666,0.317961314968901,0.363026013135934,666,666,0.0633563535557368,666
666,666,0.421226868065343,666,666,666,0.221431729679407,0.27112164472504,666,666
0.184561079089385,0.89783198847385,666,666,0.329657767443371,0.59897477044565,666,666,0.344203680969651,0.800941173396594
666,666,666,666,0.395819923555638,0.961945159784169,666,666,666,666
0.139503389800172,666,666,666,666,666,0.440648175255692,0.895228476365455,0.37020082136149,0.263659274970508
0.24870285958983,666,0.264108929609732,0.507785865256052,0.307206872904853,666,666,666,666,666
666,666,0.066754828578338,666,0.195713305242055,0.713740846794464,666,666,0.382546034086674,666
0.4770448461207,666,0.0356840331326601,666,0.296158835123675,666,0.189316330853702,666,666,666
666,666,0.461003434119692,666,0.316160441202294,0.517391966644493,666,666,0.427564361753726,0.802723613433866
0.41326269203436,0.838282427094923,666,666,0.374888342524588,0.11892241028453,666,666,666,666
666,666,666,666,666,666,666,666,0.420284789639421,666
0.364568797052964,666,666,666,666,666,0.200879248755292,0.472643380637179,0.221796158296962,0.183375509270113
666,666,666,666,0.336871756812313,0.912163199181046,0.496745481443688,0.263986231418277,666,666
666,666,666,666,666,666,666,666,0.184492149560437,666
0.464899626717849,0.204561187048753,0.39520241191145,0.647595293732526,666,666,666,666,0.202403507184042,666
666,666,0.456766054572885,666,0.339000851176569,0.647225754190964,0.326623488878084,0.351808846061458,666,666
0.489875023174162,666,0.295193650232353,0.641759818455711,0.161938641052854,666,666,666,666,666
0.0923204208666686,666,0.35265801809436,0.854673691780748,666,666,666,666,0.32266432306907,0.96973846604906
0.149269168209526,0.829002791683725,0.155537219849752,0.383020033432319,666,666,666,666,666,666
0.320307239752278,666,666,666,666,666,666,666,0.19145192522798,0.215552853826992
666,666,666,666,0.341779209555251,0.877084273542157,666,666,0.0463203475973648,0.663308570912128
666,666,0.0724615598393215,0.243286069122892,666,666,666,666,0.13970277786507,0.71865903964773
666,666,0.491777635682004,666,0.243789572893506,666,666,666,666,666
666,666,666,666,0.232150039575748,666,666,666,666,666
666,666,0.108422277007811,0.165365886924383,0.143910214079653,666,0.223262055180615,666,666,666
666,666,666,666,0.422159702282154,666,0.327059244986655,0.988611583569409,0.2218408999548,666
666,666,666,666,666,666,666,666,0.325370848884368,666
0.214267900188704,666,666,666,666,666,0.276071766777854,666,0.363116713141376,666
0.356284009960704,0.483488491612983,666,666,0.114697842807129,666,666,666,0.213437911084189,0.149210520278293
666,666,666,666,666,666,0.149337937415212,666,0.154781312537751,666
666,666,0.485025062774844,666,666,666,0.109374629553282,666,666,666
0.293707015357664,666,666,666,0.281670068733921,666,666,666,0.105370367799694,0.318211879747283
666,666,666,666,666,666,0.138640741461553,666,0.235817699571118,0.944632120363667
666,666,0.319371198649526,666,0.144119101874313,0.946280775260826,0.455728347347439,0.184818507095304,0.145155286076547,0.0548873953857778
666,666,666,666,0.25050647589647,666,666,666,666,666
666,666,666,666,666,666,666,666,0.394836035311875,666
666,666,0.368697410616257,666,0.211059686332775,0.479948702923711,0.329674217521836,0.0153887571439602,0.280128712822658,0.821353626648345
666,666,0.423108154732117,666,0.169059412105132,666,0.14106378995858,666,0.493146858820085,666
0.0537043957564336,0.149234229557677,0.186307509028841,0.827454351745004,0.126995253381443,0.646435197447361,0.236758720176537,0.166574555219647,0.048461258672579,666
666,666,0.350500347187386,0.892763206028088,0.280637877203451,666,0.145721978868661,0.942029832262215,0.341630280324675,0.377536468530649
0.396583105480623,666,666,666,666,666,0.390819799518862,0.855363181112421,0.243247834506036,666
0.3390101866955,666,666,666,0.187323082305187,0.0808436060332927,666,666,666,666
666,666,666,666,0.327982356445093,0.418247760444154,666,666,0.183615198378263,0.433004642930222
666,666,666,666,666,666,0.323054103399888,0.429540086212922,0.44694070153194,0.624528089169728
666,666,666,666,0.173874350945456,666,666,666,666,666
666,666,0.244480254515566,0.323824331866709,0.106948830912965,666,666,666,666,666
0.292396938972394,0.150095524818658,0.259220616028781,666,666,666,666,666,666,666
666,666,0.465701263832449,0.0441993739217046,0.429543218832333,0.424748271302901,0.0341567204386533,0.581201843484271,666,666
666,666,666,666,666,666,666,666,0.496172811540364,666
666,666,666,666,666,666,666,666,0.00566785403582881,0.129913885000601
666,666,0.32815451869673,0.635392397294922,666,666,0.22459412121711,0.442783340881258,666,666
666,666,666,666,666,666,0.30743952623999,666,666,666
0.158685104997055,0.485362728958507,0.317389236454561,666,666,666,666,666,0.165869231649112,666
0.274069441520655,666,666,666,0.488393937985507,666,0.351381819678833,0.576491304666077,666,666
0.389105506676737,666,0.400165114012394,666,666,666,0.125200724260567,0.253125911585176,0.308164357629751,0.290390613257619
0.293054056817656,666,0.093685315468516,0.0736372617327734,0.0873733260422001,666,666,666,0.489411308344888,666
666,666,666,666,0.331174620308008,0.515797281660823,666,666,666,666
666,666,0.266544723007731,666,0.259109998271719,666,0.250483572710773,0.528700148623852,666,666
666,666,0.466004307545525,0.378894808293588,0.365704716132667,666,0.277159110607542,666,666,666
0.330447013481914,666,666,666,666,666,0.0558411853269851,0.0392622384305299,0.123586934251633,666
0.343660818349773,0.858141415787811,666,666,0.322220964929197,0.792680630958752,0.362836796520816,0.117314237981108,0.486763115435725,0.490922231230507
666,666,666,666,0.103881195394944,666,666,666,0.296591888294374,666
666,666,0.0634185805370975,666,666,666,0.157933442763386,666,666,666
666,666,0.347452687608943,666,666,666,0.222647388513791,0.149849569088756,666,666
666,666,0.178608930107928,666,0.438421534447446,0.197830703720341,0.0217227992723117,0.736053828314359,0.067315896806555,0.588476837276502
666,666,0.438551888956217,666,0.191739606512773,666,0.428636501171816,0.0452816927882642,0.406042293224137,666
666,666,0.0902059190201194,666,666,666,0.0927242567784827,0.0603267189024348,666,666
0.228961312269711,666,0.210166046781634,666,0.45115350803468,666,666,666,666,666
666,666,666,666,666,666,666,666,0.246599167796619,0.538837163554851
666,666,666,666,666,666,0.336874179899907,0.952719610166423,666,666
666,666,666,666,666,666,666,666,0.40971928564653,666
0.157817317644281,0.919783439462554,0.483381205454497,666,0.0900676170825818,666,0.0399613698147208,0.640470620655872,666,666
666,666,0.371238989545826,0.974774991128392,0.302457147905432,666,666,666,666,666
666,666,0.225683306762564,0.447229869281981,666,666,666,666,666,666
666,666,0.273811875339422,666,666,666,0.488277389483423,0.741963685512121,666,666
0.286010662224371,666,666,666,666,666,0.317698427504048,0.08694805643258,666,666
0.285780870509155,666,666,666,666,666,0.350408139901138,666,0.441929579911172,0.606652211296886
666,666,666,666,666,666,666,666,666,666
0.43426601450308,666,0.138771058657107,0.840463994097256,0.447860102689758,0.117339939283076,666,666,0.325322799043974,0.0327728048346445
0.19549070720723,0.650274153783715,666,666,0.2785202007407,666,0.436140247249713,666,666,666
666,666,0.250430715166806,666,666,666,666,666,666,666
0.232311407354863,0.588948374168152,666,666,666,666,0.457102226572305,666,666,666
0.256755707954459,666,666,666,666,666,666,666,666,666
0.0994691706279851,666,666,666,0.439075764244719,666,0.441492986750562,0.760047083099086,666,666
666,666,666,666,0.346940452256965,666,666,666,666,666
666,666,0.292157418866467,0.054035645809531,0.116366098454316,0.801605189523118,666,666,0.345576449953616,666
666,666,0.256710378880889,0.282229915323825,666,666,0.446326039100931,0.123447905924698,0.468423930409885,0.42420511498301
666,666,666,666,666,666,666,666,666,666
666,666,666,666,666,666,0.0628583611919089,666,666,666
0.270901172895364,0.505368833349632,666,666,666,666,0.127891120354444,666,666,666
0.0333984499377203,0.553770178355343,666,666,0.0597803945573514,0.812504535798465,666,666,666,666
0.155658573963652,666,666,666,0.23050917483161,0.542882670695827,0.226425569904125,666,666,666
666,666,666,666,666,666,0.237033772290767,0.866461155675168,666,666
0.139909530720121,666,666,666,666,666,666,666,666,666
666,666,666,666,666,666,666,666,666,666
666,666,0.296377476467196,0.399211764578944,666,666,0.462758230599482,666,666,666
666,666,0.469180162846223,0.237418308404082,666,666,666,666,666,666
0.458901627828414,666,0.0581069735961508,0.491297687103535,0.24247092739659,666,666,666,666,666
666,666,0.0546524878641366,0.284691830660545,666,666,0.403396357726196,0.114251887543404,666,666
666,666,0.237142146915598,0.302218106839389,666,666,0.332502706808573,666,666,666
666,666,666,666,666,666,0.346496471794346,0.725847479904824,0.431439552567338,0.416746220055848
666,666,0.407074617158303,666,666,666,666,666,0.197405383463102,0.873954557596911
0.334416839239798,666,666,666,666,666,0.431271481717855,666,666,666
666,666,0.0762581254281134,666,666,666,666,666,0.337287666113509,0.852223102695081
666,666,0.400026863765265,666,666,666,666,666,0.265354286199881,0.724525816054585
0.127580862580875,666,0.408150201121297,666,666,666,0.183369194158716,0.690988258950527,666,666
0.208913993744736,666,0.477585925798036,666,0.403304416603502,666,666,666,666,666
666,666,0.277972686333055,0.968831776135352,0.49276886323079,666,666,666,666,666
666,666,666,666,666,666,0.014127408568626,0.569295504234777,666,666
666,666,0.270115914603055,666,666,666,0.136768169504264,666,0.251187051854253,0.0191292422542153
666,666,0.165076729579211,666,666,666,666,666,666,666
0.349451682482017,0.563873791103458,0.479659423954986,666,0.136136690246899,0.247388107840121,666,666,666,666
666,666,0.460963737087424,666,666,666,666,666,0.15886135093694,666
666,666,666,666,0.448603168979423,666,666,666,0.0868727940095155,0.474037015734567
0.263810302918377,0.825628699854021,666,666,666,666,666,666,666,666
0.0764648700689256,666,666,666,666,666,0.418526365000962,666,666,666
0.288889977307246,666,666,666,0.350922313234179,0.384918007787108,0.220726353709678,0.718907435133784,666,666
0.313170826320164,666,0.409525945232182,0.790158785064576,666,666,0.224233061023511,666,0.414985930074474,0.928488804654163
666,666,666,666,0.128901856413053,0.49297375808248,666,666,0.280727145474055,0.794509326857072
0.255532568944868,0.715270346823565,666,666,666,666,666,666,666,666
666,666,0.349566843653307,0.690906994623746,666,666,666,666,666,666
0.35315152330102,666,0.0941511867460392,666,0.214134236726774,666,666,666,666,666
666,666,0.39896593496995,0.983630825758172,666,666,0.0744878714724964,666,0.487435203548459,666
666,666,666,666,666,666,666,666,0.186678988380319,0.542372390484373
666,666,666,666,0.102624820109154,0.468110174320557,0.123812892151822,666,0.463423964302102,0.0476120646366518
666,666,0.306983204317665,666,666,666,666,666,0.157854411485082,0.170030317661685
666,666,0.163852281712237,0.553331417186103,0.0299072900713739,666,0.122621262327926,0.864911019529713,0.291609268820502,0.170427682055632
0.276616308163537,0.571448959708346,666,666,0.30067040067916,666,0.0614707429293559,666,0.403054282798173,666
666,666,0.19289150558555,0.713095517428358,0.495638954723451,0.245511656575948,666,666,666,666
666,666,0.0620900871719838,666,666,666,666,666,666,666
0.296771785511312,0.378670216856279,0.275476224973855,666,666,666,0.331117884330725,0.765956318613083,666,666
0.397539148558828,0.911886966954347,0.273517367258789,0.0749461841203423,0.0742128458744502,666,666,666,0.493037787347069,666
666,666,0.34030547290233,666,666,666,666,666,666,666
666,666,666,666,666,666,0.317178987689395,0.831811637085109,666,666
666,666,666,666,0.310146418946876,666,0.363569447200627,0.963795357073676,0.466866688254095,0.666412973915818
666,666,0.294114705939679,0.668704941879465,666,666,666,666,666,666
0.44807933806705,0.581318765272236,666,666,0.467572611226761,666,666,666,0.208250812948853,666
666,666,0.498900684721867,666,666,666,0.118961648877229,666,0.480782248280637,0.315844715885039
666,666,0.158733103271281,0.157730626498021,666,666,0.11650213039466,666,0.368659333587876,666
0.291049146858676,0.485493119921165,0.243355642474777,666,0.0846658305368638,0.964684123784941,666,666,666,666
0.434504830062515,0.807796963001687,0.232335939619801,666,0.286112292496378,666,666,666,666,666
666,666,0.143283210166177,0.591111044792193,0.37558036198571,0.836940416518083,666,666,0.471142349967874,666
666,666,666,666,0.250377577046043,666,666,666,0.175214936300299,666
0.317798040613043,0.663483070856848,666,666,0.28078498241464,666,0.0285936450009538,666,0.471715743213977,0.858007453268704
666,666,0.223276234144441,0.266268647757791,0.362104924738103,0.502957831430859,666,666,0.269159073696772,0.00597508593548746
666,666,666,666,0.0569894684564547,0.927739832967551,0.344913414909174,666,0.377780214727106,666
0.182850735718433,666,0.293829874555322,666,666,666,0.231430398192058,0.332429766165717,0.373967356084651,666
0.201292366480595,666,0.411932467326248,666,666,666,666,666,666,666
0.437311952710986,0.272011152057775,666,666,0.10334238224488,0.90018364392917,666,666,0.0407184574065351,0.978144071979113
666,666,666,666,0.351081761056107,0.202871355957161,0.489355107385029,666,666,666
666,666,0.455602552488817,666,666,666,666,666,0.410397290935332,666
666,666,666,666,666,666,0.23216027090104,0.735914534138538,0.0712807416213987,0.0666754736259498
666,666,666,666,666,666,666,666,666,666
666,666,0.33069974690456,666,666,666,666,666,0.373613770240078,0.564002172332844
666,666,666,666,666,666,0.385536611819162,0.897656708428572,666,666
0.269613687121267,0.162639832392055,666,666,666,666,0.0588758371242528,0.877326148112797,666,666
0.458877069699188,0.63901062969227,666,666,0.0460617598073993,0.138723378294511,0.185247620886694,0.215228158376777,0.466358377749367,666
0.0922114027045242,0.192869765125105,666,666,666,666,666,666,666,666
666,666,0.219834765916561,0.235285780326616,0.311813378658871,0.285575807636703,0.138315740480262,666,666,666
666,666,0.0829532598394135,666,666,666,666,666,666,666
0.15526080904198,666,0.389391551943111,666,666,666,666,666,0.329652153004248,0.137977458186961
0.359981350491208,0.253710483990824,0.0971840497270968,666,0.127654671702087,666,0.05250905196028,666,666,666
0.243758855475582,0.684776129787133,666,666,666,666,666,666,666,666
666,666,666,666,666,666,0.345319849320688,666,666,666
666,666,0.13732086708569,666,666,666,666,666,666,666
666,666,0.480436483164638,666,0.215157021033206,0.0520622569594218,0.318043795278725,666,666,666
666,666,0.344935670924779,0.0445078453969689,666,666,0.163871876123857,666,0.36666867928515,666
666,666,666,666,666,666,666,666,0.346585822608468,0.108650808936319
666,666,0.189064672761377,0.524111627858909,666,666,666,666,0.399595728590723,0.821554025329415
666,666,666,666,666,666,0.388393010376463,0.622077859353243,0.100211422490387,666
0.178677681753589,0.864994744766446,0.072202663532126,666,666,666,666,666,0.351605304378903,0.665586221422073
666,666,666,666,0.26750721409844,0.03188318388606,666,666,0.0204533605354155,666
0.483670916246411,666,666,666,666,666,0.170443299381743,0.606032017618256,0.367901094566208,0.324746880639136
0.414161866714734,666,666,666,666,666,666,666,666,666
666,666,0.286453892843604,0.90990672098596,666,666,666,666,666,666
0.189781014384861,0.0796484524621193,666,666,666,666,666,666,0.347781510793419,666
0.116488146802239,0.402136432784673,666,666,0.41437518560803,0.236410474505382,666,666,666,666
0.416567986281448,0.269794268890546,666,666,666,666,666,666,0.417302258260287,0.189000447362531
0.387167989285769,0.963159319075068,0.149317766909478,0.29221641258715,0.255995949631341,666,666,666,0.465966979182751,666
666,666,0.176851501965164,0.924873573598449,666,666,0.0236094144225868,666,0.0894788201631567,666
666,666,666,666,666,666,0.490755533740941,0.903099767685829,666,666
0.436731765293136,0.814255164610207,0.188098342875625,666,666,666,666,666,0.275174570918074,0.472250929526986
666,666,0.24303030692959,0.513102566477851,0.413237410828836,0.144078829883441,0.342457411980937,0.956373776735897,0.400015081085415,0.0490748158559389
666,666,0.172977903198852,0.501037585972596,666,666,666,666,666,666
666,666,666,666,666,666,0.171030537775229,666,666,666
0.416181133661089,0.266113615279125,666,666,666,666,666,666,0.387035889407003,666
666,666,666,666,0.427086839107922,0.931199779971193,0.262920525043171,0.105102493685268,0.402844810760531,0.89112095623601
666,666,0.465512033529861,666,0.390259257688802,0.510791181279099,666,666,0.355954379065266,666
666,666,666,666,666,666,666,666,666,666
0.350755690301103,666,0.0522308977684351,666,666,666,0.451076605447843,0.928391461711845,666,666
666,666,666,666,0.115510452718006,0.872823069651709,0.369517628612744,0.724311911061152,0.200883763119714,0.848289189641416
666,666,0.251122265078841,666,0.285889162277587,666,666,666,666,666
666,666,666,666,666,666,0.0705668505682462,666,666,666
666,666,666,666,0.0621942022677821,666,666,666,666,666
0.263182051029153,666,0.248932666868223,666,666,666,666,666,666,666
666,666,666,666,666,666,0.386125147985166,666,0.491855394821365,666
0.27346824877968,0.852002326571538,0.154853410901413,0.281973462420631,0.328543610766317,0.872836469786649,0.0772518509650879,0.713972590324313,0.0482048293367143,0.314749326156967
666,666,666,666,0.170359338733424,666,666,666,666,666
0.101002451917879,0.0878478581208579,666,666,666,666,666,666,0.158868359874969,0.283118921608858
666,666,666,666,0.354306909786235,0.777842942973606,666,666,666,666
0.423029367776446,666,666,666,0.211078222862135,0.640836776166016,666,666,666,666
0.0857594037314711,666,666,666,0.161428718151442,666,0.106938233401303,0.996539889207801,0.194940051901993,0.290042626694488
666,666,0.382298104612158,666,666,666,0.207530086755783,0.859194221667472,0.235612369335389,0.414572506594538
666,666,666,666,0.0617566774952534,0.914726092792403,666,666,666,666
666,666,0.382771753597149,0.0838330210026625,0.0852524785775121,0.438771131590868,666,666,666,666
666,666,0.235744887201391,0.884829374520777,0.0551822188593525,666,0.41215316363058,666,0.0572823077167078,666
666,666,0.254555377657876,666,0.344349156497119,0.233664721677274,666,666,0.0866059194014936,666
0.185209833590785,0.80121558750923,666,666,666,666,666,666,0.250923455370844,666
666,666,666,666,0.359487284931468,666,0.30921598840108,0.742370723188903,0.31022088807559,0.549813408502835
0.427812068924411,0.592370000959909,0.439322242985105,0.410491308997318,0.24760349832712,0.625648799881876,0.0619145958101112,0.500460745272384,666,666
666,666,0.40541216669041,666,666,666,0.244663037893424,0.597882063234048,666,666
666,666,666,666,666,666,0.261081675543058,0.518822966288215,666,666
666,666,0.0806887655488233,0.907697615753062,666,666,0.0989733908636318,666,666,666
0.490147347807688,666,0.403512393625315,666,666,666,0.459853349321002,0.074778236484133,0.481512125858776,666
666,666,0.196900232196511,666,666,666,666,666,666,666
0.400069613471551,666,666,666,0.34662960929764,0.0769641273110537,0.138980679934437,0.663861292682039,666,666
666,666,666,666,666,666,0.410064460205215,0.203595282088394,666,666
0.109320117504955,666,666,666,666,666,0.261186473772089,666,0.163678508505031,0.0744677096472091
666,666,0.117767843798177,666,666,666,0.363085114336961,666,0.061735734020584,666
666,666,666,666,666,666,0.220764472433634,0.364518967499832,0.490944212813182,666
0.146621434026873,0.702578045019628,666,666,666,666,666,666,666,666
0.479993617119779,666,0.219447371402514,0.387760476122862,0.181148575954164,0.395783904271498,666,666,666,666
0.311504115067425,0.637341095071611,0.136409620554244,666,0.324435234077666,0.397366773051949,0.0943487123274664,666,666,666
666,666,0.145578712304504,0.263132121148571,0.126702713070871,666,666,666,0.299588859141082,666
666,666,666,666,666,666,666,666,0.384453784156627,0.414088536650616
666,666,666,666,0.175783887242069,0.346882323720866,0.247839641195974,0.0433057917807771,0.449395400341468,0.210124320227675
666,666,0.190630510505772,0.0705108453212029,666,666,0.296974125333996,666,0.0514407483423636,666
0.0775779994227213,666,666,666,0.10670178773309,666,666,666,0.449051392284098,0.332342894712306
0.177418207701527,0.0599878475203961,666,666,666,666,666,666,0.384693518437706,0.948929209784637
666,666,0.296430787940188,666,666,666,666,666,666,666
0.47202196582784,666,666,666,0.375051676749042,0.695964638760769,666,666,666,666
0.319923134205668,0.348961731150236,666,666,666,666,0.351158982070236,666,666,666
666,666,666,666,0.210776272063381,0.876115235496828,666,666,666,666
666,666,666,666,666,666,666,666,666,666
666,666,666,666,0.0576429468529833,666,0.27262731608395,0.973442381239413,0.484824773388825,666
666,666,0.418270046873736,666,0.202353812452088,666,0.286877145105966,666,0.39334404935684,0.29924033987369
666,666,666,666,666,666,666,666,666,666
666,666,666,666,666,666,0.451486851769813,666,666,666
0.10205101713761,666,0.14346281249483,0.96101682042032,666,666,0.0549235317180705,666,0.460456855356455,0.00367939861829925
0.291852726880553,666,0.442189597867971,0.680463103059055,666,666,0.252571716494843,666,666,666
666,666,0.168436249697431,666,666,666,0.150155341797569,666,666,666
0.153467446728191,0.0173044159293252,666,666,0.45088839041977,666,0.0862772489916069,666,666,666
0.346193093559831,0.401050166853177,666,666,666,666,666,666,666,666
0.320095006914121,666,666,666,0.305450440106152,666,666,666,0.180460903198765,0.263242188996448
666,666,0.363588959322844,666,666,666,0.283104185632386,666,666,666
0.357141108573432,0.136513776847795,0.454179888212184,666,0.193213516053962,0.239909119623256,0.29536498946893,666,0.477948139763725,666
666,666,666,666,0.126661886516244,0.217689601637866,0.498082958476686,0.0129110264559784,0.460060070546344,0.16921364570921
666,666,0.10930511457409,666,0.194779060586931,666,666,666,666,666
666,666,0.0403241555745907,0.873104069620734,666,666,666,666,0.332466898249303,666
0.452774567912422,0.745594785436393,0.0651263846606238,0.516315267296314,0.352679646457737,666,0.195677461135397,0.565218591472774,0.261730904835072,666
0.34402704434457,666,666,666,666,666,0.263824392185007,666,0.327333141597596,666
666,666,666,666,666,666,0.285809342202079,666,666,666
0.235549519143908,0.603275646407783,0.111214754291846,0.908028129930878,0.118055141659579,666,666,666,0.284745212308583,666
666,666,666,666,666,666,666,666,666,666
666,666,666,666,0.37673744695593,0.969712316081593,0.404220524696924,0.6372453403858,0.268567498561956,0.0190066654597103
0.183756144668867,666,0.158856478775533,666,666,666,666,666,0.371675020748763,666
666,666,666,666,0.461392540815409,0.581658319007929,666,666,666,666
666,666,0.309293118896019,0.566168743139028,0.165657779575524,0.500152028169927,666,666,0.455155666988602,0.360968768097938
666,666,666,666,0.456265675671314,0.107377095879535,666,666,0.465275247639879,666
666,666,0.45625545676656,0.512295987501237,666,666,0.348407577199067,0.339887872431678,666,666
666,666,666,666,0.378241045437321,0.431616984212531,666,666,0.424552135743728,0.757874334818495
0.154145321867896,666,666,666,666,666,666,666,0.485678690534621,666
666,666,666,666,0.248200197990401,666,666,666,0.344141564144652,0.62437468530637
0.412876698582744,666,0.0971089445582092,666,666,666,666,666,666,666
0.494532907830651,666,0.434183826803771,666,0.356977226732714,0.34001965543311,0.0964560512917643,666,666,666
666,666,666,666,666,666,0.140253356455296,0.650787363335066,0.419464503510528,666
666,666,666,666,666,666,0.267969023734175,666,666,666
666,666,666,666,666,666,0.161828712211638,666,0.466717112618334,666
666,666,0.145949590929498,666,666,666,0.285192431044607,666,0.460903361116841,0.0678046484144059
666,666,0.476986274277297,666,0.268674191383572,0.911493195724436,666,666,0.406076906009699,0.142693854956747
0.454056061168951,666,0.185505662983996,666,666,666,666,666,666,666
666,666,0.232924663027488,0.885613522322218,0.404871020474429,666,666,666,666,666
666,666,0.0598411824943557,666,666,666,0.477376325583262,666,666,666
0.318039240935809,666,0.217239366237395,666,0.383237510254964,0.265840159607088,666,666,666,666
0.193482943771729,0.244712679493091,0.392661367578103,666,666,666,0.0683840119110346,666,0.3796720493473,666
666,666,666,666,666,666,0.38071517545681,0.167517364353729,666,666
666,666,0.463994624960221,666,666,666,0.396749394397419,0.75142326560578,666,666
666,666,666,666,666,666,666,666,666,666
666,666,0.251582412986993,0.7023841950941,0.154033000495176,666,666,666,666,666
666,666,0.389936632915447,0.571146289976952,666,666,666,666,0.242188436415407,666
0.146264460815681,0.868792660327191,0.202172839154989,666,666,666,666,666,666,666
0.279813238423006,666,0.238201300094604,666,666,666,0.129238972069105,0.044196052649871,0.337631462546801,0.320196187349431
666,666,0.016312107303889,0.979594840227147,666,666,666,666,666,666
0.117652741047705,0.029421143763225,0.44467022486856,666,0.338172982454824,666,0.2301517331747,666,666,666
0.26199593809284,0.57591085006054,0.118115527323965,666,666,666,0.444329243682778,666,666,666
0.305597805652982,666,666,666,666,666,0.388898162949905,0.494039179142238,666,666
666,666,666,666,0.215949628918689,666,666,666,666,666
666,666,666,666,0.163349264994961,666,666,666,0.398469818102823,0.591599583383345
0.264306468856343,666,0.427979448851389,666,666,666,0.187790129231782,0.651616465309974,0.330842639525726,0.920511261173605
0.144735663089866,0.721106877225769,666,666,666,666,0.231945884161052,666,666,666
666,666,0.130779931128819,0.26342461329377,666,666,0.121574296861232,666,666,666
666,666,666,666,0.406583096336522,666,0.390012621554546,666,0.292111414363148,0.848479330403852
0.367833713149669,666,0.311591988743655,666,666,666,0.461302202054744,666,0.0381297874696458,666
666,666,0.0927506179872012,0.0610133639583275,0.462883930995408,666,666,666,0.463356755530132,666
0.409203552565097,0.483658893710684,0.498312437212201,666,0.0427403043721004,0.476924078722645,0.0671078091127502,0.417937664454598,666,666
0.429933435472074,666,666,666,666,666,666,666,0.335499711048034,666
666,666,666,666,666,666,666,666,0.34915892907975,666
666,666,0.348934717163958,666,666,666,0.463590012114222,0.216624239282056,0.106682749875689,0.288987514417973
666,666,0.273036482083028,666,666,666,666,666,666,666
666,666,666,666,666,666,666,666,0.366958201869276,0.350399401813095
666,666,666,666,666,666,0.346893922459037,666,0.22890996523844,666
0.219331105356953,0.658546055624572,666,666,666,666,0.369417556036734,0.674394496334681,0.373018846671954,666
0.144559466067394,0.363996517729574,666,666,666,666,0.15896909891339,666,666,666
0.185598892110669,666,666,666,0.027636579800391,666,666,666,666,666
666,666,0.336295957085244,0.99714551177839,666,666,666,666,0.20015693618004,666
0.487805374895925,666,666,666,666,666,0.497843591348919,666,0.30924182333794,0.57942134067832
0.348117315052944,0.543621064016824,666,666,666,666,0.353201894643399,666,666,666
0.303796927784483,0.33962520971465,666,666,666,666,666,666,666,666
666,666,0.179464432450738,0.155279261054858,0.221847977315488,666,0.462032279016205,666,0.379115894717745,666
0.0287978276195638,0.0354003341539086,0.304232476039768,666,0.130309147632703,0.231350421383745,666,666,0.20382258863801,0.0872623063808908
666,666,666,666,666,666,666,666,0.0123321206997549,666
0.306194694866359,666,666,666,666,666,0.341397836100805,0.121527378117678,666,666
0.220805506552999,0.273013564020152,0.167775943517871,0.272856829645306,0.459133008284681,666,0.0511722527241845,666,0.0767484822360927,666
666,666,0.42847803089253,0.70166292588714,0.155731576590089,0.879477992090109,0.306883812827412,0.672827531468579,666,666
666,666,666,666,0.269338176813112,0.52026310046519,0.232984596188709,666,666,666
666,666,0.0931337549490967,0.252673121804228,0.341493765697426,0.475326465506755,0.171306893416955,666,666,666
0.399627880043379,666,0.36472506736341,0.731331064683434,666,666,0.340293367619667,0.95613014694581,666,666
666,666,0.486578331388498,0.149076054127807,0.21505849900232,0.480323466775782,0.354472684869575,666,0.360642092128313,0.112510458184838
0.22102113170505,0.444040670939961,0.114473827230711,0.406292068920361,666,666,666,666,0.466106992045646,666
666,666,0.309434315107991,0.376837731890156,0.343816242370674,666,666,666,0.208569724699844,666
0.191803440955502,666,0.443490471095023,666,666,666,666,666,0.0875279050412496,666
0.0785898802678462,666,0.463020997163645,666,0.299536038975014,0.883452779198977,0.421318852091938,666,0.00847675742442977,666
666,666,0.449855846993786,666,666,666,0.109767464911104,666,666,666
666,666,666,666,0.398212890802149,0.254697126312469,0.249536104414891,0.589473160130753,666,666
0.458941895056612,0.558908026723577,0.444261578561179,0.897667794420516,666,666,0.285154662928292,666,0.0719366985475327,666
0.456289908631826,666,0.0966340065516222,0.836243403422917,666,666,0.183914250656362,0.64484528753274,666,666
666,666,0.378564496541093,666,0.364757155121989,0.306002556316084,666,666,0.213029438605146,0.776155617492127
666,666,0.263465619478106,666,0.422314199838372,666,0.343533771385408,666,0.23445722412109,0.843990355230954
0.373732158724247,666,666,666,666,666,666,666,666,666
666,666,666,666,666,666,0.193927451259146,0.233195488293021,0.45986287403369,666
666,666,666,666,666,666,0.208703695220461,666,666,666
666,666,0.449854941331677,666,666,666,666,666,0.478235828827429,666
0.156756797714312,666,0.479510762089043,666,666,666,666,666,0.490525111375501,0.415383024744331
666,666,666,666,0.176209278977331,0.89540132466168,0.474230637094727,666,0.112529037084811,0.481650483675641
666,666,0.284860835780345,666,666,666,666,666,666,666
0.144813077974504,0.23552562286987,666,666,666,666,0.494721014622556,666,0.34172224657865,0.714584035606022
666,666,666,666,666,666,0.302096213563568,666,666,666
0.333603775256582,666,0.318364942064889,666,0.4535250665775,666,666,666,0.299642591544551,0.771112368533391
666,666,0.496984289124049,666,666,666,666,666,0.323526765229467,0.714684637605438
666,666,0.0870410842105743,0.599583169235829,666,666,0.139567456947568,666,666,666
666,666,666,666,0.152548862608853,666,666,666,0.35202692317949,0.434169984691092
0.0776206490403776,0.97418084766499,0.184760993006555,666,666,666,0.310304313638278,0.357430226588095,0.13865589544213,666
0.22760906687904,666,0.377742215584846,666,666,666,666,666,0.104929449833429,666
0.209771564614099,666,666,666,666,666,0.0579375715630742,0.640496278216795,666,666
666,666,0.427644303051999,0.635748271253778,0.131364484898378,0.658067904303949,666,666,0.0807786356850007,666
666,666,666,666,666,666,666,666,0.338624248174971,0.366490556817476
0.136345779937155,666,666,666,666,666,0.0654932162811579,0.531949915011816,666,666
666,666,0.223371534555298,0.313373349673032,666,666,0.204960875289126,666,0.461516911229482,0.233976643723255
0.345111786042959,0.678985233890673,666,666,0.0994747563089056,0.85403473981176,666,666,666,666
0.312474252396748,666,666,666,0.313408745930306,666,666,666,0.0378185921712979,666
0.43428123768381,666,0.286286254530972,0.0307990970982055,666,666,666,666,0.454159697515301,0.985473922740867
0.312749463565311,0.426681475127273,0.382484635387602,0.8995171835828,666,666,0.406498521430215,666,0.0681245338422205,0.388573892914986
666,666,0.355067278392333,666,666,666,0.476560332459925,666,666,666
666,666,0.24270686924547,0.672331151455079,0.13661828310246,666,0.160867907589732,0.688914897620327,666,666
666,666,666,666,666,666,0.0167089589425811,0.981021547906669,0.261201934770203,0.285454785477826
666,666,666,666,0.361202455033106,0.443244552667216,0.0401133622154142,666,0.140148288079745,0.188718100132212
666,666,666,666,0.0341971786763065,666,0.292784896343155,666,666,666
666,666,666,666,666,666,666,666,666,666
666,666,666,666,666,666,666,666,666,666
666,666,666,666,0.489263653225193,0.604164456492742,0.193701541348399,666,666,666
0.0607810955707283,0.216173885690753,666,666,666,666,666,666,666,666
0.139250770224839,0.54425384778628,666,666,0.467805708065971,0.00285845699664744,666,666,666,666
666,666,666,666,666,666,0.426984213530812,0.204045182905831,0.12652083659005,666
0.166323455190075,0.650702921109407,666,666,666,666,0.408006562646516,0.901345798669408,666,666
0.460589422538875,0.3189857456723,0.336212206344927,0.752491448799562,0.107435138887379,0.56449204627323,666,666,666,666
666,666,666,666,666,666,666,666,0.421943990263885,666
666,666,666,666,0.409066891451885,0.426614106907382,666,666,0.405599815967131,666
666,666,666,666,0.324630292931414,0.270290125993345,666,666,666,666
666,666,0.201771237579678,0.393995998887023,666,666,666,666,0.170961969160782,666
666,666,666,666,0.463851160854062,0.646948618427099,666,666,666,666
0.306853991471844,0.946366065097535,666,666,666,666,0.296926618750518,0.329061576575156,666,666
666,666,0.0810244974200379,666,666,666,0.473538360845161,666,0.470318177321223,666
666,666,666,666,666,666,666,666,0.44567765691002,0.596013000845479
666,666,666,666,0.391687192007154,0.492278448589959,666,666,0.432969859075722,0.221053637514592
666,666,666,666,666,666,666,666,0.377117539842121,0.391498166945429
0.421218593291124,666,666,666,666,666,666,666,0.10543474299359,666
666,666,0.426108199414599,0.0199261810472644,0.20234748068407,0.991746328421701,666,666,0.179053944949958,666
0.190504037151579,666,666,666,666,666,666,666,666,666
666,666,666,666,666,666,666,666,666,666
0.235425614942695,666,0.400253768518345,0.915796610517601,0.210371877543582,666,0.428892608397285,0.831326517216413,0.339063129338233,0.526161572187923
666,666,0.25628068385342,666,0.347679183304834,0.991119731487498,666,666,666,666
0.0799484251910507,666,666,666,0.339428475589352,0.0652976451884193,666,666,0.0366357330085925,666
0.471133377475656,666,666,666,666,666,0.312890411082904,666,666,666
666,666,666,666,666,666,666,666,666,666
666,666,666,666,666,666,666,666,0.0481667992630689,666
666,666,0.352666344538841,666,666,666,0.280781988977385,666,0.348044400285408,666
0.205086036156972,666,0.228014691584681,0.776623575733996,666,666,0.478269378578644,666,666,666
0.291107462893327,0.505817233308903,0.402842927608179,666,0.212802099820429,666,666,666,0.430477572324468,666
666,666,666,666,0.487941684655717,666,0.284097784798298,666,0.229718250516962,666
666,666,0.272167373773099,666,0.360300061755525,666,0.29318365771267,0.361776883182122,0.41283823568001,0.258055228722118
666,666,666,666,0.330406735829576,666,666,666,666,666
666,666,666,666,666,666,666,666,0.0768151572747424,0.722714257110269
0.229608869157555,0.0681298834688513,0.250610155192586,0.123141418835334,0.25193811848997,666,0.149845711499016,0.984324057270163,0.450365906501174,0.872746468197961
666,666,666,666,0.0685150128833076,666,666,666,0.128024093460104,666
666,666,666,666,666,666,666,666,666,666
666,666,0.362942260522536,666,0.41439995202867,0.415116702521251,666,666,666,666
666,666,0.041232574400772,666,0.43043747923042,0.0760802476429052,666,666,0.181156407035292,666
666,666,0.176501283940905,666,666,666,666,666,0.43336190795576,666
666,666,0.360907365733682,666,0.267532359601009,666,0.413778912459675,666,0.182940974036648,0.848712011215293
666,666,0.0971804822565621,666,0.0610055301638929,666,666,666,0.2849505132535,0.0618975722252886
666,666,666,666,0.454884633955618,0.809753177204418,666,666,666,666
666,666,0.267013897998192,666,0.330523577762981,666,666,666,0.194625974228377,0.248931394868558
666,666,0.343626130620893,0.734233979695798,666,666,0.142069879936084,0.659511926109889,0.284001450810735,666
666,666,666,666,666,666,0.43565285680057,0.0383723465386381,0.240460428913561,0.350625799718538
666,666,666,666,0.266797475694157,666,666,666,666,666
0.39606206988217,0.441927034141474,0.31549895524885,0.890866904934025,666,666,666,666,666,666
666,666,0.43269702026766,666,0.320715235883666,666,666,666,666,666
666,666,0.113408535139541,666,0.140580345121506,666,666,666,666,666
0.227195573258417,0.47614122559264,0.422359540678879,0.531591095982088,0.38264617033893,0.18351402471541,0.307789774419178,0.564038363857438,0.156923333979648,666
0.251995210725376,666,0.47687255881156,666,0.350917979278719,666,0.38331042153409,0.407615148132699,666,666
0.205366306105271,666,666,666,0.330202126550793,666,666,666,0.0199031935166047,0.589163662366446
0.493268030350814,666,0.329897302144796,666,666,666,0.272855262281537,0.689349075961425,666,666
0.466275022144444,666,666,666,0.468052745784185,666,666,666,666,666
0.21403688321214,0.556712323463781,0.0979123794616096,0.213299980395158,666,666,666,666,0.236968880003175,666
666,666,0.375104575198871,666,0.287867581487012,0.140820106748082,666,666,0.0363428434644799,666
666,666,666,666,666,666,0.0634268709089078,666,666,666
666,666,666,666,666,666,666,666,0.302591292855044,666
666,666,0.405990301120409,0.88529550224103,0.36843503324382,666,666,666,666,666
0.254706932522379,0.769826859452469,0.27887329798288,0.694240636480799,0.268990142655447,0.105782900201428,666,666,0.16675714126625,666
666,666,0.454798654019719,666,666,666,0.124630080523819,0.121436612727833,666,666
0.441139502743099,666,0.0490141789825214,666,666,666,666,666,0.224143962946349,0.660993271016526
666,666,0.378902863336658,666,0.116286382317495,666,0.458759271604048,0.164113519263965,666,666
0.167704720474317,0.161242208123074,666,666,666,666,0.260576023670299,0.615108299173656,666,666
666,666,0.372123960335195,666,0.0782844822558739,666,0.330741976058407,0.620081639288309,666,666
0.133678283540145,666,666,666,666,666,666,666,0.281280055023009,0.851212407855312
0.187985825460074,666,666,666,666,666,666,666,666,666
0.462296915525679,666,0.31659401543606,666,0.0840340873662702,0.843321418227773,666,666,666,666
666,666,666,666,0.197366769794169,666,0.422910453099229,0.8646023888688,0.0805341004368081,0.0187765117112741
666,666,666,666,0.309615665180585,666,666,666,0.0469216812700484,0.941328914264225
0.185611691294741,666,666,666,666,666,0.128494958171543,0.174150348797645,0.486878973027233,666
0.324918072131795,0.956086883545194,666,666,666,666,0.209660496527625,0.327285289384118,666,666
666,666,0.369186970058863,666,666,666,666,666,0.286342696134116,0.0208257391000837
666,666,666,666,666,666,0.280028766320555,666,666,666
0.474348316474216,666,666,666,666,666,666,666,666,666
666,666,666,666,666,666,666,666,666,666
0.318572311997328,666,0.122552096679628,0.897244151736128,666,666,666,666,666,666
0.0765277593274494,666,666,666,666,666,666,666,666,666
666,666,666,666,666,666,666,666,666,666
0.0916176644762472,0.890600819748015,666,666,0.313090887321239,666,0.101639293044462,666,666,666
666,666,666,666,0.153560557133116,0.560669034336192,0.226832580696686,666,666,666
0.240774232065251,666,0.17088141870861,666,666,666,0.490503600405225,666,0.382111213398136,666
666,666,666,666,0.366198175811334,0.481304645667981,0.427453013817466,666,666,666
0.396520247252489,0.161904425118425,666,666,666,666,0.27398842806356,666,0.333857982018138,666
666,666,0.474164907062251,666,666,666,0.410524454360084,0.381010678552367,0.254649592720326,666
666,666,666,666,0.192737639536161,666,0.28869992565628,666,0.0758784530446563,0.224398473459784
0.25960941504608,666,666,666,0.186058386960244,666,666,666,666,666
0.199966906699131,666,666,666,666,666,0.258181276130245,0.873445488705988,0.485216079574408,0.901342595185146
0.307440172486521,0.342010377245629,666,666,0.0368364732837163,666,0.362193432442057,0.273203040225568,0.24650326941167,666
0.414798142482107,0.457465663432318,0.0612196745250688,666,666,666,0.412914180507967,0.316316185886,666,666
0.166645620701954,666,0.275630083538158,666,666,666,666,666,0.243143315181771,0.358981353287966
666,666,666,666,0.14549386508007,0.909086961837879,0.214807148174923,666,0.221834966971114,0.239449890296825
0.485801484761188,0.313171450613265,666,666,666,666,0.372494772217689,666,666,666
0.475917083429707,666,0.184917781168682,666,666,666,666,666,666,666
0.440042118568521,0.218840490588648,666,666,666,666,0.222014453451338,0.772003916071141,666,666
666,666,0.499124974117518,0.674975633543944,0.217184700919629,666,0.40761642401159,666,666,666
0.417775564600183,0.379389277090588,0.252058205858843,666,0.326929758645522,0.163925339914473,666,666,0.296961384535833,666
666,666,666,666,0.166809383836273,0.570587203004159,0.230738892711751,666,0.0340849417020022,0.695677230991841
0.262703054360571,666,0.23170596179847,0.0573518469074146,0.402084465214657,666,0.234526003386362,666,0.12953576972321,0.479361312754136
0.376101625930524,0.549237281162539,666,666,0.121434998916303,0.290458800555735,666,666,666,666
0.299889571866889,666,666,666,0.124685148774606,0.169389410199577,666,666,666,666
0.138064580793258,666,666,666,666,666,0.263411201792747,666,0.166454470147502,0.450174323478481
0.254382818838408,666,0.382224044721291,666,666,666,0.172495153827282,666,666,666
0.417772550513115,666,0.34745316953415,666,0.144909977721793,0.827483067280932,666,666,666,666
666,666,666,666,0.132275248997344,0.332547074176144,666,666,0.101606064181538,0.747015049611008
0.179080909682146,0.445896145057803,666,666,666,666,666,666,666,666
666,666,666,666,666,666,0.384391565385645,0.158705904621179,0.241128618288858,0.493351715779855
666,666,666,666,0.301366441224721,0.487708521843869,666,666,0.207215919148673,0.25794783367126
0.165228866689149,0.85617180977177,666,666,0.227196494683745,666,666,666,666,666
666,666,0.0616321240543256,0.886553653645423,666,666,0.0634554800312688,0.658673248778128,0.252828262810053,666
0.3783096288957,666,666,666,666,666,0.231309509079905,0.671170469083004,666,666
666,666,0.296293714211156,0.917119101301818,666,666,666,666,0.443919027626365,666
0.203986445308876,666,0.16238353312249,666,666,666,0.456020991709957,666,0.253140072548039,666
666,666,666,666,666,666,0.163270409672859,666,666,666
666,666,666,666,0.149337274511553,666,666,666,0.468935776693214,666
666,666,0.481384648882637,0.836958704801194,666,666,0.325159134549816,666,666,666
0.295325185807322,666,0.418239589613744,666,666,666,0.120880691529167,0.418924943929252,666,666
666,666,666,666,0.0525064996033471,0.108031355951561,0.466115946321456,666,0.26546676316421,666
0.144871259687626,666,0.275101886130408,666,666,666,0.120721148256647,0.18403937657354,0.182295465596859,0.169813342337267
0.256531916338198,0.607950119143238,0.428319265252138,666,666,666,666,666,666,666
0.327808402328159,666,0.212845622467287,0.849247728271919,666,666,0.434447224447694,666,666,666
0.337134934015965,666,666,666,666,666,666,666,0.394086402233275,666
0.208902452013259,666,0.247328191034962,666,666,666,666,666,0.0934133396007012,666
666,666,666,666,0.0167145186982531,0.786486780167291,0.091502659286983,666,0.251442260485106,666
666,666,0.0473230182279554,0.876426869974964,0.33043147225327,0.516966954912008,666,666,666,666
0.213139014894336,666,0.408523497746973,666,0.297165604342901,666,666,666,666,666
0.153489421869324,666,0.273474372787384,0.737438187610043,666,666,0.0133572553010479,0.280879746974489,0.015408683021174,666
0.155934674895501,666,0.129587541883138,666,666,666,666,666,666,666
0.225578576625786,0.991381333523731,0.0917130028426232,666,666,666,0.0816732686188398,0.363519329791639,0.15324226724768,666
666,666,0.0419865319857677,666,0.376847436216148,666,0.241277729408972,666,666,666
0.187290583542654,0.992023976509448,666,666,666,666,666,666,666,666
0.257644372336309,666,666,666,0.313944322221199,666,666,666,666,666
666,666,0.170235289734916,666,666,666,666,666,666,666
666,666,0.238511812278839,0.735835869690169,666,666,666,666,0.36409962776078,666
0.38850142446585,0.592455730297935,0.288526044625064,666,0.221897694936718,0.109370103997849,0.0501083777608577,0.664911082161411,666,666
666,666,666,666,0.118101957328544,0.480466824627243,0.141235648618614,0.985604327321711,0.186267689057499,0.353165328719145
0.194910778163102,666,666,666,666,666,0.449027351457391,666,666,666
666,666,0.304474648986582,666,666,666,666,666,0.472132875158593,0.351244808797244
666,666,0.384696169678208,0.0848271975166117,0.0475991080846487,0.543937268599364,666,666,666,666
0.169202364189299,0.179436496613679,0.174886870624261,0.783496885421283,666,666,0.22544480189095,666,0.00909923987321193,666
666,666,0.0391021323150686,666,666,666,0.118688968697016,666,666,666
0.276877451147628,666,0.445612964303366,666,666,666,666,666,666,666
666,666,666,666,0.076078327576667,0.787813790392882,666,666,0.0330871162918722,666
666,666,0.122442408614747,666,666,666,666,666,0.226619316888944,0.860769765639532
0.47248270897482,0.766890482628394,666,666,666,666,666,666,666,666
0.373980823361032,0.805690689728229,0.312987707755987,666,666,666,666,666,0.134339615883719,666
666,666,666,666,666,666,0.368277165877354,0.365347745081817,666,666
0.138962907750397,666,666,666,0.268908431502304,666,0.29475888459026,0.541226899018741,0.362987430107083,0.767811366163476
666,666,666,666,0.452602420110037,666,0.495695148889285,0.22023448887659,666,666
0.0547719905382981,0.801613629633337,0.0909269757386197,666,666,666,0.0315631383293878,666,0.0659165520902887,0.236618689175649
