"V1","V2","V3","V4"
5.25092059182828,5.30840938061694,9.26300167764104,12.2413805013478
3.95363564060299,6.03304240243805,10.993060319367,14.4506395470081
4.9149641520469,4.51401286918869,9.83031361109559,15.0688762649605
4.97373475961455,7.28057700339716,10.0601157596512,14.4570801267001
4.92781525242223,4.7986075687845,10.6567841568338,12.058590282033
3.15516003538594,4.64506252303969,8.55441191236812,13.2979069711976
3.13457498361765,5.09061423887032,9.3723931201758,13.4634438773951
6.10268401697412,5.82232706305823,10.3712724395658,14.0924946535664
3.52235419697918,6.25945864298585,7.27404290883081,13.1240842794542
3.52331289364563,6.02193237259367,9.02648493185539,14.2343064842779
5.89607002512901,5.38537413819716,7.96695783294309,15.0566028199353
2.72788654597273,8.35948176155241,9.58199094008306,11.7938586615804
4.82365786476992,6.11655293759013,8.72164072496074,13.1290090530743
4.48212342773096,7.25452317680995,10.070687818883,13.4736633186669
3.71344291282006,6.04142945223803,8.59137558907964,14.1826823406482
2.09668910233145,6.36314354130986,7.51530204184511,13.2634373003978
5.07764415239155,5.94220651113368,9.3381654786902,15.6297262248025
4.12668870033913,7.10189596056436,9.14709465715616,14.2724444712089
5.50328626891435,6.26999747075206,9.18907442568104,12.9593742657314
2.3800068289154,6.13278855025382,8.38877027229819,13.5201666797738
2.64388479420928,6.3401016610147,7.14395099454211,14.2080902453634
4.0407616363815,4.97818300040732,8.09311595351826,14.1236412510508
2.91063519000737,5.84017823586819,8.93488937817955,11.8012995127182
3.07444849401073,5.79408579742604,7.17479126057267,14.266167030253
3.35163629555183,6.54850396095457,5.90944937285917,12.9298874067251
2.99548868658692,5.92930968497724,10.9409694951705,13.8980965387007
3.57166876581923,7.60059263734695,8.52681935600005,13.2383035227284
6.00489661714362,5.78784341850199,11.4851973051606,14.1896847298481
2.42458985997101,6.38008502992552,9.32422962758596,13.0106073233615
3.0043837955807,5.1856795280955,10.7418987954498,14.8171305992512
3.13205132516879,7.25616491018427,8.20532236278888,14.5098093182963
3.30881144980689,6.00332682167288,9.73147320820859,12.4024643343786
4.33486616284637,4.03709276134118,8.87810243669387,13.4604124242756
4.85456620336608,7.21601206290928,8.43617243773031,12.2816414305661
4.4607473252086,5.71834141165631,9.93054464062278,14.5554743585213
4.21190265597837,4.43897663526978,9.48886078070059,15.8017073551771
3.5040923623936,6.55218772689371,9.15049499598502,13.8668100894992
3.02487479863448,5.84439450208261,7.84953628915596,12.03770017993
2.58940996004167,7.14227465777128,9.47937532123934,13.2690084205837
4.72232496525335,7.97731784837724,11.0153453974343,12.6961197871885
3.72828342462213,7.36681415173042,7.97846261970572,15.7985204749871
2.27661147581035,5.94894775927338,11.1031540906283,12.816020441179
2.88845990917793,6.48616581280024,8.34414334777956,13.5470886684221
2.81299411807937,4.66965756438876,9.31887527329121,12.6351771956082
4.30025935711484,5.02030063361332,8.71542179156646,13.4878913395661
2.81105720372946,3.75624066479009,9.18143261090187,12.1072863479616
4.76713919718007,6.40674325437567,8.1479122007318,13.8018232629261
4.07705986455684,6.04118199028987,10.1434836157713,13.6242995941704
4.07159281909019,5.62532940220133,8.60931730357187,14.4575750666868
3.72653437112726,8.0142927268137,9.76279106822157,12.637024062731
3.02598228975593,5.7465443516683,6.83633579846241,15.9195556047193
2.82253654155728,5.26307123866505,10.6578569892473,12.5114477246025
4.54021981950865,4.81835089373222,10.2520596850676,12.762565498581
5.68345872283387,5.24994999205275,9.21957112777847,15.7254612689584
4.12710699870498,6.46209910194644,11.2174625720207,15.70886636745
3.33877735246662,5.16158630560593,10.6139181844599,13.8320441770411
4.12761350155108,5.24661586941207,8.28035428813453,14.9702147496815
7.26159380429303,3.85562019416217,9.90810454402302,12.8074015107255
4.49469567672077,3.46908459286387,9.99973367484009,14.33183283502
3.8895612621184,4.6389052198923,8.51971794091764,14.5564804895376
3.90631729840858,6.2772482262796,11.1016940779489,13.6820630553595
4.53126569766605,5.75598803629078,9.57967251513981,13.4838645339112
2.84054334703074,3.71450745512842,7.72999086903635,14.5992912539508
4.45561814808104,3.26588916821338,8.81071923296324,13.4310490782319
2.91749397677566,6.22330141637457,9.02131229422165,12.3082506011969
2.44155603716241,5.26602354571188,8.39835399825883,13.6191872302962
4.11848455444549,8.2556914909842,7.05045838080785,11.7995496275429
4.84363295365851,5.69589885955251,10.3303039379321,13.9854673012279
3.18713037706336,4.42347457805928,8.78015703260583,13.7721066574181
2.70803166280203,6.00492709390967,7.63320874165578,13.6438781730627
3.76815953343059,6.35032738757585,8.41833038982274,14.1551206271518
5.07869202070997,4.45005128910049,9.75203584684808,12.609648013824
4.85556966831434,4.63166418037282,9.82037371881035,15.9185726845339
2.47223559686988,5.94264400097531,7.28374997277781,12.8754424110425
2.53754858987479,6.18335179303695,8.66910496953906,12.7194681831063
4.90525776104231,4.85977908657931,11.4224182507797,13.9743234830744
1.896021945319,6.06832280585104,8.64398497908085,11.9312724297215
3.82756778436666,6.95708195920098,8.25153281662638,14.4269354727887
4.40966685180684,6.20118600337694,9.15308877350073,15.0284266787911
2.50303823009143,5.35648279825946,7.99435844067586,12.8771563340403
3.74712099434833,6.14624238438103,9.51226581548717,14.2650015652336
4.21923230224124,3.75437839460866,8.726115423096,13.8078616490405
3.05477468353132,6.87056150278643,8.96343648684641,14.5305462378783
4.37316906247117,3.1823394424113,9.11341210479459,13.6108309161527
3.23824317447253,4.22894366519525,8.02010876824802,13.5393608091065
0.890632859049037,4.4644373947439,8.76938831470556,12.1056510763092
3.30555090290009,6.19316773145551,7.27734665316847,13.4515717583414
4.61674695722416,4.97534070811192,5.96033109550563,10.7226126039623
3.40500164604014,5.92799334024803,7.74171468629844,13.9557552498851
4.05374906916643,4.38513070155096,8.85948450309283,13.7475543185578
4.98097415488944,5.06044317149107,9.6592566345504,14.1475420213858
2.67167695263705,5.46714480949872,11.1743901989093,13.2825070583052
2.57232476872735,6.84987918425196,9.49779384389093,14.0336270416057
3.31412232743003,4.84620927279306,7.57157045787479,13.3905237668481
5.68088918141989,5.98132098162485,9.99030472118255,13.9063049848888
1.84950564119585,5.79046539157476,6.45139456077163,12.8044636181071
3.94665263518895,4.3976193077248,6.59158113353647,15.6384949612603
4.62138340270517,4.46982055224752,9.01432691167353,15.3618283151474
2.34819560669914,6.03496571639887,9.18447416056826,14.8300282312049
4.56395763172831,3.8882825131169,9.09636540237299,13.0801673176879
4.86696594234953,6.71129785798509,8.77251932023248,10.8904497047283
3.39242173031343,6.47867751553466,8.81272465218035,13.8055089809598
4.27826628897182,5.66013096027959,8.38639363370112,13.3652378574334
3.39551766892763,4.89906173092458,10.2244231618078,12.3918500499545
4.47389952791981,6.75398227842059,9.12116033297924,15.1593130485476
6.22662107152117,6.87066701135947,6.83433978708908,13.2255453717357
3.33023939335372,8.22175824956991,9.03322109253511,13.0224486993685
3.86381127114659,6.17975752774824,11.852941227509,14.9257337971921
4.85977549362686,7.09239887545698,9.97688736769618,15.7215925700759
4.38092979780149,5.11833126519832,10.022302996873,14.1629387029055
5.37224937053534,5.66548558573618,9.20963884213068,14.1910055559784
4.56188534869269,6.33429129015617,8.77047560501885,13.4648872461046
4.11373055145184,6.05722514827456,7.67423807811856,11.102351275065
3.5490132849405,5.83147772116518,5.504928751203,14.6210694990759
4.62477974167768,6.82305734157864,8.49687291221849,13.9443751259286
1.68259363582717,5.95557353419173,8.07565902822131,12.6333234978448
2.99613361087587,5.92853820872595,7.95936657610174,11.2334354398032
3.74385419826685,4.87286129560857,9.09837022526401,14.6610256028912
4.22155681212034,5.77294812219144,7.40820807860969,12.1163006681096
2.12501339798129,7.70646472967809,9.01170505046647,15.2209575128913
3.78081251327289,3.63789601536835,10.0814423304652,15.2213641835747
4.92733801002831,5.31734657565194,10.2413253047448,10.3943013960901
4.20990093244361,5.26114580695869,9.94564064376577,14.6987758071409
3.84819239422619,6.61438738218534,7.20933139510395,13.0861478574027
3.39930157263687,3.50767121975667,8.53938142742568,12.5557532365673
3.91183603568888,5.91927204984745,7.8248748888056,13.6477104965914
4.40681240865367,5.33146076581903,8.22727514312999,13.728449960665
3.61833326722095,6.79087502789201,6.56338274327075,13.1148310258581
3.62601372586673,7.40289772636027,9.15407580945251,15.063927266504
4.77492976720783,4.658653288576,11.1312133057906,14.3760713662112
4.74655517270458,7.73714271964007,8.51185006631784,13.0598301934784
5.28334270037347,7.03270460985958,9.58189739280201,12.3211935534415
2.73206906835182,5.68211543929974,9.2569827120687,11.8095239299838
3.6786628546728,5.49635816500979,7.58421461182812,13.8085953987522
3.15482286348694,6.68252868451961,10.070063983916,15.1547453338527
2.19690905089081,4.9199107531966,8.93306842926838,14.0477522462752
4.24007653904299,6.60747532684042,8.88447025619673,13.7146163532232
3.62809315279987,6.13694639028679,8.63454959846592,13.0865973366321
5.73356342284657,6.14734534166169,10.7225782197144,13.5235601957855
3.48630521809689,5.49795417016187,8.35017615020663,13.34800650828
2.77465483411936,5.74220038852287,9.11940847370558,11.9856656365805
3.07213228503323,7.47699321160541,9.93038184440377,13.8970207534084
4.96392447092301,4.81071787029452,8.58039655651929,12.3260916815782
3.24873097307077,2.64228583176518,8.95694316882229,13.4507820782919
5.12375449485925,5.45945779751972,10.3305605446511,13.0005426507019
3.25523252186031,5.98654888221831,10.3662948934079,12.5853489917382
4.50150416359823,5.09733787253562,9.13939488734941,14.4498050198485
5.08473791741183,7.87541793602278,9.2301680651234,13.4141786697941
3.47575334649823,5.41502364379387,9.60732642352925,12.3308294988761
4.07349167012579,4.81323342726758,8.06926578788556,12.6180317334574
4.51755198305244,4.83315140461544,10.7106141960626,14.3707711086344
3.44124392067489,4.90558316073135,9.77586365033996,12.8232595327372
6.29921354843262,7.29001465255495,8.69654824539173,15.895900464988
2.54626613511834,6.13111594941833,9.247172805637,12.4186985502547
3.8605970269324,5.10453825313157,8.72145830339257,14.671497423343
2.53750989848285,6.90921848276014,8.03592674018877,13.0965269524071
3.9135470654411,5.91855115617214,7.98858206538846,12.530427201343
3.42227345747536,6.69485245579599,8.12798448074958,13.8308795814639
4.08789348381527,6.57464986494723,7.97282420771377,14.2974405876634
3.11155510792776,5.68424660211296,7.41371895257095,13.6649381026563
4.3312716817683,4.90864419188026,10.1499439331693,12.2332649470089
5.41105402919035,7.49107715620288,9.36425180269944,14.9717402532114
2.63063099215994,5.27235109082589,9.42636706691938,13.1084385066622
4.38822836680056,4.33866281743644,10.7932713349336,11.7009656935541
2.50534583444103,5.18052921940286,8.12698907122942,15.6059705168275
3.67342906887936,5.08511262814719,8.2808714356418,12.8328461848453
3.80315415352532,6.21585661448306,11.4663470939311,13.5363698548055
2.88957100504551,5.84371964758046,8.94106429102792,12.5642155901136
2.41849650765106,8.60833608670151,8.26004476707948,12.036750536846
4.09830300612522,5.39824192612929,8.22839277882238,12.804174534913
2.89493151679221,6.19332411164123,9.00027593091485,15.3462177397352
4.4591360780308,7.13708406361098,9.21697037539259,11.8645501225523
5.54173072859338,5.52582776779819,9.74090948030481,15.1146931500146
2.77781460688042,5.3196349698773,5.31021497663389,12.4695107816724
3.73682831767422,5.6960709992563,8.11857140780419,13.1486756227901
4.86101626042183,5.65660049611513,10.0697000909191,13.4374345352857
4.23977850356921,7.29651389655072,7.11998336510299,14.7288764678916
5.93211989990372,4.26165084640804,7.9239484993475,13.7796401858402
4.45475957306606,5.78043752371816,10.0495804585939,12.7744408405308
5.09891896568479,7.78551500844536,8.0777672742743,13.8225331858573
3.82773704561193,5.92970691254291,8.32408856321144,14.0761311476072
4.87290880038645,4.55111893155745,10.6084259811582,13.2706841278606
3.23714796684931,5.72840764993271,9.57837032254335,13.0214952593976
4.50660689282957,4.6428290637204,9.31267824057725,13.5445727187716
2.98079209018779,6.30875780635296,6.44564402408605,13.3048593208552
3.8101473056765,7.92637503346941,11.1921124649226,13.3023270773588
3.52189718426845,5.41320118448695,11.1147602666906,11.2300890016453
5.27521656006429,5.76255555574847,9.24582594118907,13.2119520746801
3.15617831817855,5.16670875896938,8.65180604499736,11.5226756574036
4.63448776905964,5.44086919924105,8.40452032276765,13.9253238029899
6.42562245449949,7.33710025961048,6.85951047356813,14.2366113692749
3.24870910032081,4.08994112154563,10.4181161427281,12.1566328117028
4.46165912004165,4.66829085987122,8.32340256025654,14.5845055483845
4.65706473228437,5.47874129581984,9.725614386562,12.5819698705128
4.11980946070506,7.21139835027199,9.80450495568587,13.2360335308664
1.75608421294539,6.76621132196514,10.7022169914418,14.1958497073939
4.78354888808229,7.10772919850707,10.2384666084626,14.2310654368137
3.49893845159675,5.08498719987952,8.36545975590326,14.053596476585
4.58648932620258,6.67299789201757,8.50399612206115,14.1648693587972
5.12115304928193,7.67473970690403,7.30024419499391,13.8492784759912
5.24542781743648,4.17312445140458,10.1164011167756,15.5662589029257
3.89913622334988,6.39297125084799,9.83044704175716,13.3076369943939
4.62635363127497,6.12868855860497,8.01443955873959,11.1915079500133
5.32405486845539,5.80338393449725,10.0986971322796,13.9377548418353
4.69691518393805,4.50007377042853,9.52071843888716,13.8152982363085
4.61301187639776,4.98320441996393,8.51749312370167,13.1862548915383
3.1789860585384,6.90757517091819,8.90695329303362,11.809085871811
2.61500913680297,4.46359159751561,7.2269908722975,13.4862593876363
3.59869133742304,7.52021202844319,8.29387966296092,13.4606650799071
4.07909239346792,7.41895638858521,8.22084859311719,12.4502220451468
5.92152438510477,6.98503285518214,8.34432872959986,11.660715074799
3.99525428826494,5.34999481393746,9.49621421368769,13.4124706966892
4.7163374335778,4.76895342625785,7.23775301249965,10.7345997493034
5.01801141518113,6.24020539070442,7.66108376209581,13.5352871155673
5.592263004381,6.07335659927644,9.70980772970589,13.3408636265523
4.74251518727428,4.64664293525907,8.13995371181303,13.4991044640078
3.76181364092556,4.69487457476118,7.92522390996278,13.7011675568193
4.11300873180531,7.39789357307112,11.7643654047516,16.0335396776219
4.49907460848278,7.80004576225675,8.65767498584867,13.411776432117
3.60339284779986,6.96847520861848,9.56217122184122,14.2098330071504
4.83128757027934,4.78731613367725,8.730105745318,12.4890738267879
4.40721754891961,5.92660685617419,8.78779376983993,11.4708843753962
6.01120196357982,7.36685633646253,6.46685510332583,14.3104829359271
6.2088084481575,5.99146568367825,8.20062692984723,14.7545145493528
3.11515980086567,5.19348543147303,9.58919968574371,13.4609517462942
4.24679790768309,2.6953306450545,8.66904779577301,13.3878970733311
5.90109621091673,7.26629770708344,8.25540504933585,12.9812672449369
3.10326090885187,5.48819550018902,7.40619543930746,13.7322620879942
3.95569029754284,6.8832071077596,9.84343599582941,12.8818889833092
4.14042968442796,6.97745665120122,8.73905939309269,15.5559800869719
1.44743383206415,6.59726752248978,10.3788094496859,9.91104419184787
2.0123956868539,6.24903850396826,7.05099720008923,13.5936053011313
4.2144894601022,4.59798350357431,9.10246461133043,11.5935336508399
4.19871428323724,5.05895757253357,8.98789540245285,14.4520624271358
3.06322303769067,7.35293377963468,9.30902147739332,13.7159284087034
5.86750569922325,5.1542564394015,7.03194228500917,15.1028235814857
2.73578144926,6.67572749409952,7.06396149627403,13.8038961848418
3.13849387477514,6.80008962343733,9.46996701497579,12.9846227168812
4.38323907936792,5.86733476586494,8.97863079256588,13.5637134527087
2.71796620891662,3.94239073758254,8.88823972036385,13.8273386829622
3.21223626031377,6.06484419619313,6.02680504437044,14.2300293278985
4.60459086866811,7.04742377617168,7.33895450346962,14.8099505668328
4.39928184974568,6.76497676637371,8.7529530762766,13.4386334926208
4.70472526818809,4.51917366773927,9.79349310427667,13.6901433189119
2.35853782630052,5.37482768481745,7.0192741350305,13.594349140128
4.83748803677505,6.73298715049235,8.58252428154514,13.6393830374999
3.3883667546987,3.77314860832386,9.77889921655194,14.2758629430118
1.09768675917674,4.86071685372461,10.0087051482021,13.3527996323687
4.10477615399478,7.81097560533335,10.3125946189455,12.6958020419427
5.13386090053972,6.46558555336918,9.4135838646175,12.9727660131629
4.70686932293025,3.57291684568869,10.4516255228144,14.1032970194522
3.38642566780691,5.92337070506013,9.44467695835105,13.0552399572315
4.62312557389432,4.18745279253527,12.0779647187518,13.2657629980173
4.29170632484713,4.64924903886056,8.37635314419117,15.3370443161659
4.18060979827801,6.39493001913584,8.86778818923464,10.7541900050042
5.44322459912556,5.39436854411378,7.91623264891643,14.8841822735933
5.33846378493424,6.48358404401959,9.51982542558949,11.0669790430913
5.57903868467466,7.35757148934325,9.75002744127307,12.4422254497098
2.15956675207115,4.66700651256739,8.75048141878193,11.9106960004642
2.6838458819828,4.87914547315474,8.39962786797926,12.8870811561643
5.69287881622318,6.36283975094387,9.70147804101504,12.5082018884753
5.11056431032705,7.30506419808693,8.30887514089286,14.7266406470034
4.64521695674666,5.95096015736883,11.2045066635469,12.7384419996528
5.04492797238146,5.24802165033113,7.72419528508051,12.586242636422
5.54197055014331,6.15379295867222,8.48705436278579,14.2347441519755
2.73572262840766,5.8193695140544,7.1381208789521,13.4284284643525
3.87624561574867,4.09921985616844,8.34265614504358,15.3495586018519
4.67579920961614,4.15317467608956,9.42743875297875,15.0383578994845
3.61349992325472,5.71502400050221,8.29162296125716,14.3771702272271
6.65289866848802,7.18640478617911,11.1440223994302,13.324676335079
5.0421305837233,7.79277895102743,8.52996566907862,15.3426680654083
2.25526236887496,5.16814942704519,7.70081272589635,12.6902072172984
4.74289582135907,8.18893184518206,6.68971512844906,13.5965720556346
4.47616280023088,6.81034302738023,8.52610419804948,13.0553656975513
2.96620185489304,5.46701761530651,8.17501211126806,15.1084923894642
1.03113929801532,5.89220447830565,9.1233954768684,15.7279994349362
5.74503401013686,6.02200900233497,8.88711617504733,13.861376435819
3.44214609010195,6.36802028933865,6.43348090513714,14.1557976826672
4.12675778506028,6.45457300694327,8.12216407819643,11.5145731989028
1.79909690384862,5.47120725924698,5.85854952295293,12.6924148040729
2.95734230718331,5.15791874565917,9.51416915767584,12.3675081786715
3.21197267705889,6.6100215855377,8.99005920895485,12.9186143490296
1.91086531773563,6.22430914203205,8.16232349012039,15.5136983676587
5.84567897851381,4.71253241333129,9.3592730594779,12.3456132254187
4.8138102008588,6.83244131116198,8.35109475775809,15.0663620055504
5.38015056915878,6.31237226191742,8.47991034528137,12.9894791562674
4.23993177813746,7.03258341115322,8.37784406694336,11.8100445845724
3.66419971309468,8.52861967671528,10.2070558277167,13.1999151666411
4.97351351654384,5.44984444461703,6.11867062224132,12.3346751536207
1.08200474106102,5.73933605698688,9.3840533953982,12.9070532002793
1.94705400869948,3.49137462292508,10.1408919778338,14.3672197099832
4.18210423756893,4.98210313643288,10.3150964931093,12.5416730143667
4.80581165951387,5.08684881188511,8.39528610960071,12.4783640902475
2.44693311643944,4.175463999113,9.22589340300987,11.6093931657521
3.1916646789473,4.3111752599015,6.90151911137499,13.8270330201677
5.64045452791718,4.55157903012942,6.43359973598886,14.4761299443368
2.76664196397376,6.70113535809554,10.5102347709848,14.0789491611499
4.96506995987134,5.37290816950544,10.4708672025316,13.4803768911372
4.9637702422326,5.86059657458144,10.0657316968825,13.1683400774398
5.06069191278447,5.44271807081352,9.48380445190913,12.1535285516476
4.64635493986584,5.42147183306937,7.71684489652401,12.3275976034704
2.84474601295222,4.80676967433407,9.9500622336824,13.4467446391918
2.19445470107416,7.02392052437533,8.64993582116175,13.5861623049009
3.04911468404773,7.58444606164912,6.77628188048843,12.5129004738639
3.54802042256737,7.08536874673306,9.24475045408562,11.1331860480966
4.59866978710262,7.88898276988841,8.44001270586972,13.3923756371425
3.92001649207162,5.32031415075167,7.38251323221867,12.9061924997106
1.20445689283231,4.39898854812612,9.19907781583102,12.529503091078
2.41306736855092,7.832612426554,8.83156891063136,14.6128790495474
5.30772678944103,5.52753725321583,7.86679553438348,13.6715762604825
4.84711959921346,7.19467257027926,9.01171980968361,13.5256858928748
3.9885801263392,5.38800172871817,8.10701607408311,13.5303823676177
3.67029892566983,6.78755448875378,7.85948101268491,13.6682949588864
2.47029216662078,6.87003129892919,9.25785387190582,12.2610578785257
4.21434975443803,4.83937779908803,7.95033766138439,13.1514290104816
3.83125867469543,4.59223000016921,10.9288561492232,12.3379623454718
1.76372748947259,5.3584201673041,9.11368298622503,14.7644627846425
6.08761466782748,3.98947078266368,6.36679452240809,14.9063870437144
4.22066684989203,4.78882431378126,8.97032957380632,11.9317754655849
3.62770829763288,5.56128171589268,8.75448571176436,14.3689673210619
3.29445361323815,4.61023871645221,8.54884353346871,13.2487512465865
4.04393386089653,6.00189734505517,10.7298087596541,15.0065684517259
2.54861058836888,5.21831819075295,9.91931122752005,12.3506453552255
3.75032365857408,6.37078528869641,10.2616638692673,12.24772434177
5.45500740661051,5.90426318328224,7.49748543754181,14.6492966098177
4.46926285708415,7.59036979731319,10.7143538524996,13.8436183219353
4.52739266697617,5.80437049602695,10.2322269928882,13.9199278384091
2.85474054732779,5.46580597627694,8.86580632833971,13.8196524833155
5.36816669334198,5.72937170358299,7.84574882712463,13.5460220894697
4.16126380396588,4.85318740440565,7.2029355388425,15.977624619435
5.41434790028857,5.95773052504862,9.40757598188974,14.9157623471649
3.77306035981284,5.34749688620932,9.29042366848513,14.3834124592572
1.85475429364891,8.18066061440262,8.48191961646961,12.5346858926616
5.17174856016187,5.9567004266701,9.65375873315421,13.636131105967
1.09259075728558,4.3727458924253,8.77343728366344,14.1096097302618
3.21343035116583,6.39600933364249,9.56560082821987,13.9813716863104
1.61754337758652,8.55407105724772,9.0096461546962,12.8892931620497
5.44102344225165,6.88558290028158,8.84237638009691,13.3722075143069
3.89601442059455,6.29672651054239,7.82983395570194,13.036106417036
3.03721189487142,6.17224760478811,8.02907253034979,15.4537951221869
5.11977781468175,6.70526457577482,10.2524162475525,12.534106650933
5.11229882824391,6.23223104204271,8.25406690272946,15.8502741859318
3.87972710818709,6.1726478852957,7.17880131858473,14.1308788687315
2.93925424018519,6.2218867483998,8.19214299363633,14.1486141416937
4.98555611005235,5.51865184532869,8.90849837501036,12.1843908992361
4.66211034827117,6.75157443668753,9.35111370279455,14.8705620314663
4.12050069217195,5.93707712264704,9.18221579896085,14.7919296658963
3.65936114028436,5.85459260669998,8.39029644542127,12.4794194210794
4.82881197718145,7.54905783723383,9.52604941792699,13.8279016471773
4.04395368002851,5.66691785629079,9.30278500482643,12.8434079715114
3.14715501156723,7.38195068469735,10.5853442700907,14.2427493788868
3.64552985970219,5.085758815231,8.27532892087256,14.674131008178
2.65551717551368,7.21769745823778,7.17880961994409,12.7369374139588
4.57479741050725,5.13909434273263,8.85343298347177,13.6893655692508
4.34361583286462,6.47614935087486,9.58182687362642,14.3824646299302
5.91021806309772,3.61325299550022,6.97505295504198,14.4792298431348
5.01958019255773,5.90392164510159,6.63825098217358,12.9458637236825
3.36677877054036,6.14187224949745,8.22857175091815,13.8727045130743
3.17841162921118,6.17040561609789,8.51960216235298,15.3396190330387
4.16565052933212,5.44718578799775,9.4631010014328,11.8416454636045
4.19902472041467,6.0755146152812,5.39264984187978,14.2459945942682
4.65974755640021,6.09371395017262,8.550281680198,11.5716199237318
2.60269141592807,5.30423569143551,9.50593932365418,15.9807192868344
2.17415898597928,7.03335616632698,8.39055428680397,14.4399833126798
4.76742175167913,5.35410849184431,7.69190612079695,12.7662022089575
5.40101061173292,7.04470856859948,10.1636687040329,14.287809718293
3.66982451648532,5.68908602575997,8.60026030243821,12.272603689582
6.30905661437385,4.77968408877027,9.10730359332603,15.0701960794707
3.58214597366093,2.51549180062263,8.01730093630223,14.4365098547819
3.9722919270751,6.13380949928278,10.4674888175641,12.913644918372
5.5498264256714,5.53045853769892,8.32475396871242,11.796791106785
3.61405349404497,5.66720599691898,8.87486843182242,13.0428196866663
4.78373653126118,6.12060503851718,6.68781250946754,14.7235836623256
4.44423332530535,6.23943388577902,7.94666201134019,13.1550559161862
4.997953440223,6.54901617197157,9.13570669597509,13.0912675604081
3.51122948615661,3.40913202835927,10.8803205609848,14.6770186860529
4.13193143882237,5.31462536262284,11.0426724388629,12.8150392875391
5.36271352406824,3.91653431698442,8.70444519026349,12.1310671053609
2.44262311941807,5.77496199743476,9.67065980587908,14.9107931222057
2.38991717900001,5.71283693700992,9.77751297397502,14.2656915400281
3.61087691486141,5.78872376540214,10.0653805902138,12.9936357084802
3.12404898469508,4.74419580382938,8.80318415940827,12.3869832133307
2.983290383045,6.21378345731238,8.86548104426828,14.5537201637717
0.722340944857899,6.39281456040092,8.77570201106722,14.7390075755936
4.92164851035337,6.03919694353495,9.79998024923532,11.9140346098108
2.79703673162334,7.2716818372257,10.4839597655789,13.3522439511839
4.40921520788239,4.32014233921385,8.89449528739235,13.1234299802111
4.45487684003503,5.68248971110013,9.16541698524009,13.7925290365937
2.61973387077373,5.50169834270538,8.9352512107525,13.8153064972549
3.52116819172327,6.18096657784756,9.80617726304383,13.5971842902898
4.55770782071636,6.42880179293073,8.38740880859645,13.8682529600222
5.978443621188,4.2612983245485,9.17857293577294,14.0197939380979
5.22390114934534,6.94540793591945,10.0047494098374,12.6828782728343
2.94648162156325,6.63437668726415,10.1184569803535,10.9062202149767
3.06940455636638,7.1923049942126,7.72488323270883,12.4957328560658
5.26373804489351,6.51686331609686,7.41683082662022,13.1216078447364
2.05614804880966,5.59641521186826,7.22973032798864,13.6838082844512
1.9901646871779,4.04222033774075,8.69283356154644,13.9940194613806
5.83191884901931,4.08737221125957,8.59193744359818,14.2843317903741
4.53813447940855,3.61683700276139,8.88113050038156,13.1727034650928
4.75606510752356,4.56064986054374,7.86206697893025,15.8590204508219
4.67044772106514,3.88543099267063,11.4222570382576,15.6306876544942
4.58215347445508,7.53882053406263,7.94043407135362,13.9401536040188
3.38787760912143,5.33141630129392,9.69278474721862,13.9470133726259
4.34868031573443,6.53804307602543,10.0209184830118,13.1964503473166
4.51388614862125,1.6110378638168,7.25728164213203,13.2969306709854
4.33071663951345,4.96645233689882,9.27690720033049,12.8565603330985
6.47012954279614,4.16451724092382,9.20355350949052,16.4210455404027
4.24499617392451,7.15223874167874,9.64334273969698,15.1974306000423
4.69836232736533,5.89553435140309,8.49208587804192,12.5998156485691
2.81543932029497,5.3075048116358,9.19855621599111,13.9280199243752
3.86258501655972,6.42442022663976,6.35106490024645,14.7146362947708
1.55309013126858,5.59691071716718,8.82620648586357,15.4784190512514
3.76009741763512,7.86825842314294,8.5287874351122,13.1777740482578
3.82264049732386,5.20419737433646,10.2874091702036,15.7081521792511
3.52156492142947,7.51895532265637,7.90155669016564,14.2048380516831
3.88104802008666,5.37356375950067,8.23631923802998,12.2478512620305
4.45161888823624,6.34495632380934,8.72859920827633,14.0197114965523
3.83116082980431,5.29804333154916,9.08941516459578,13.2530963101744
5.09491308428378,5.91474972754742,8.56917961656669,12.8146157054659
3.42332012223852,5.46736667967749,9.2333663273815,12.9152843458292
3.29394083206906,7.40525369195679,9.03683074764516,13.993393301152
4.49520394136402,3.37862311241474,8.48621424824596,13.8042437113711
3.69937736659681,3.49968478387971,9.69663338948634,14.1064013232268
2.43119667008406,7.08583941895248,7.56554664432715,14.1783057277669
1.40955740136723,5.89374578888614,8.50114391323961,15.1931564026511
3.33395589341626,4.3602771244144,8.31703706602566,12.9781788276673
4.8019729869614,4.05352140866364,7.4942616306145,12.5693796951184
4.08266998720886,4.47111176963137,7.57135333924222,12.2932902274875
2.34526681898077,8.60922023184261,7.59531524671935,12.5804282339401
4.88215716114607,4.56989231671761,9.30399029093322,13.4347574529266
6.00805975964552,4.21647077732699,8.71902676676531,14.1787674219607
3.81288488649557,4.91829181315911,9.89460805438927,12.6388461900018
4.02242549120855,4.85981262421693,8.73269857715204,13.9977300553035
5.26871060273033,4.78589718666418,9.34729378009663,14.1273242299956
5.52518571335158,6.79627228420545,8.15715342397289,13.458324478821
4.21719564949292,7.32962303335405,9.33515052351522,13.212916575019
3.84817742173827,4.70115390563593,10.9482865644877,11.5999235531907
4.72496745835251,5.47418085943332,8.01453693920377,13.004897529696
3.25845049243319,5.88494131688604,11.0539025035225,14.2761292830811
4.31394703073516,5.53097364144651,7.39784714547655,13.3194517275226
4.40183812760455,4.89049679948948,9.81843881707193,13.2465861688906
3.42689196196827,4.12867857841252,8.53616451207217,12.4749564496756
5.04408026275281,5.07224295017985,9.53344849260104,15.2439685431482
6.06228105535841,5.79455541715261,12.0116049469796,11.8903206627381
5.68331181422635,4.80229332896316,6.76129366365518,12.9234287465382
2.62304819027248,5.43027620385389,9.37684287734798,12.9261074142091
2.67813892284947,8.68817367425508,10.2614657141546,12.1351037707244
3.89773216195213,4.7503919490672,8.35588313243555,13.1758022156668
5.0231590713835,7.85118120767044,10.9862990887086,12.4139160816296
2.26084194993629,7.14658897713464,10.9652179776048,14.6230252942346
4.56078184655526,6.11868910311657,10.4241105928131,11.0670232681527
4.71075553513621,6.91857750959366,10.9299590899395,14.9355322974352
4.28935493698353,7.33388685938109,6.58468926089357,12.0158093670385
3.46174157285502,7.25047421769305,8.4777561572678,13.9874629184197
3.61468380425287,6.2446902548218,8.4889325642521,14.2547803084405
4.92232272756178,6.41305247524194,6.72514268930022,13.6525922795952
4.03368407665236,5.31683680498121,7.81251433282229,15.0517897050368
2.1104038401554,4.3363892939421,10.0456713270135,15.5204860048151
1.98903055741067,5.90888999308953,7.72943358381915,13.1858779062049
4.09068134247852,4.89330446601206,8.40749915881977,13.9363542348291
4.49255529062833,6.99495083571267,11.613294679201,12.2055066088622
5.81923600414838,3.63312345796825,9.15318186949916,14.7798748287005
2.80175243427945,2.05857177339751,9.96254357186051,13.839524831024
2.52323809725078,5.48203327519885,9.42906017800208,12.2173607338342
3.36103209545,6.60591011092626,7.2693965114715,14.1853122040656
3.79617998681436,4.34262637458984,7.0404998617847,13.3589361526974
2.75280950931455,6.3105292433929,10.878390089539,16.8041752895979
3.91573408863409,5.51440092642725,9.82354334961878,13.9245420346657
4.70649434428705,5.97308936526932,8.74064679748962,12.8673324833733
3.28438935275257,5.34941363313533,9.77515857866596,14.729487543949
3.19521766391697,3.13798061063885,9.43333659485472,13.7034945226111
3.22791222345978,5.56174275814458,9.36872877292352,13.5559464386889
4.54378267470277,4.06343514020159,9.2071037338333,12.9026205287344
4.68008022027291,6.49995127469818,9.88595612195776,13.6296339878738
4.13113676089034,5.5330326391644,10.3879533202011,13.9468315806195
3.61663640803442,5.18831327406525,8.49119026726319,14.0910293852792
4.49262766181641,6.57996679627291,8.33888290956769,12.784744331628
2.74505208984027,5.99257728526385,8.32502408512701,14.6570558010058
5.11957162367838,5.57354493091363,9.26303615244232,14.1479758782082
4.23038940743123,7.41902262056485,9.63228984121993,14.8084247867334
2.41750227202511,4.95088046476994,10.3256578859031,13.869523460114
4.76461076852137,6.08434124037401,8.25939087845991,12.8215569649403
4.03054408895305,2.9294321351938,8.37776192803643,12.8968894985611
4.03037728183388,6.21191810371518,7.47098917257066,15.5449363524949
4.5703196110215,7.27899843540712,9.10779866651931,14.5318244695691
4.43750818214119,5.82411598774955,7.2752594158215,13.4922388431397
4.13965280252499,6.11174827598096,9.48163546952134,11.9718030979005
1.07280905752986,4.93858912576529,8.82488704822558,14.2509112748503
4.4800502689279,7.44623530242015,8.39028502136688,11.9387409719112
3.37258783239948,7.39787743316026,8.64898800097557,12.0308836503722
1.65697614103527,5.59645403254942,7.90692992257627,12.8387112480745
4.04461661312369,6.82144568960546,8.40744005043934,12.1391969689266
3.64793033503952,4.54742349326368,9.51422567281812,11.9425560043475
3.30994558971739,4.80489989692795,9.35385377264038,13.9184431554062
4.92478857019687,4.88096216939738,9.13035404615279,14.1060771021183
4.47624331812536,5.83924180529374,8.54411120793997,12.6969970219404
4.73678354663735,5.6221782584495,8.65797094914426,12.5503732504729
2.61229505953421,7.44619465182809,11.0311054366602,13.3099473766371
3.85593806921286,8.80672571702722,9.81063146379896,12.9938380489476
4.02476989804104,4.92282987569045,7.93729329640479,13.209427586118
3.68205407000199,7.60161267266429,8.4786208169814,13.7003858555293
4.88014434500356,4.9471440801122,8.7941871511205,13.2719703556885
2.91278648187586,6.82056640378977,7.85255975298384,14.9163765316345
4.22942317992517,6.94558978785365,8.56559923579075,12.8397017661469
2.55000701610312,8.48272325831735,8.49147820976118,10.7101488659886
5.53134682008149,6.12429469191272,6.51580229980666,12.9871517619838
5.33482612269138,5.64890491142591,8.2791780233927,12.3812467250491
4.41272468491852,5.63266641099203,8.27547393282646,12.4777187544018
4.92692523477749,7.26061299782919,9.44249434143529,13.3697361414471
3.45193583817022,6.32033828715245,9.88948323192698,13.138132920081
3.94266399110207,5.71686133825067,8.37415026191739,12.1575828250508
4.49698755749881,6.78998640882126,7.52109491906035,13.7948615275974
1.5204305885597,7.61400045814646,7.65230078513043,15.5076188767601
4.72258813194771,5.98821936118911,7.03010990595833,12.3933531365095
4.71293245176496,5.46447988051556,7.58215510353941,11.8414860440855
3.70851315461082,6.05411257374937,9.67504925432331,12.4810235343332
2.51481767225234,5.16651896314357,8.92118083213229,12.9979994282178
4.16913578855334,5.78386433860023,8.42143283571377,12.5018101145155
4.56261549205308,5.01872856315873,11.7853232626012,13.8236416528006
3.70756173693533,4.62696496293474,7.61918710117615,11.7756389727847
2.34819334003086,3.80982692022822,9.38678324600137,13.7886758052071
5.4341551184986,5.42203772889586,9.22383697393736,12.0766801001339
3.38786708439278,8.58083509706684,8.58961029539575,15.0315167918881
3.61308050233909,4.1427484334214,7.00192799710102,16.2230062018406
2.26570268361684,7.34048945876459,8.2741756925113,13.4526310922685
3.82844728866114,4.7818363057749,7.42542311273548,14.1641169485793
3.96245126925421,5.03009312627837,8.09210600050596,13.5506331031988
5.89293188616865,5.3924370320131,8.69210796965015,13.7852803363138
4.99972593342546,5.22988751417271,8.08332248288782,14.3665509407346
4.42833186733645,6.39859861458912,8.23667340129873,13.0992277508888
5.70250522907972,4.46850177949766,9.44086173268295,12.3642259842067
5.65283482172127,6.15749941125651,10.665137589492,13.9464103101145
3.25487344654816,6.35665770571414,7.89301000197133,13.6654181157642
4.53174258679718,4.63277674580694,7.99569138001723,13.2767179428584
3.47193122481081,8.01440083043856,8.44461631242482,13.3250737316665
1.87976044041642,7.89214224451264,8.41993235712957,12.8940212871666
4.15676302291799,5.75017456285363,9.26638741237084,12.0918936194483
4.87523517989341,4.85302244454453,7.99454691544224,14.3338644829678
3.58193838344138,7.06321819534459,9.97606895996525,11.4806409219178
4.58582538191525,4.23535982025422,8.48194631116872,16.3103994392687
2.49144705057282,4.3474202565798,10.7579140816541,13.4924435058633
4.19620698768421,3.96800548994374,8.66036725720488,13.3280597300424
1.69672770863061,4.66096043339003,9.00843852944012,13.0787124391631
3.47363511093671,8.29171864490425,10.3683781300109,12.0732424865146
3.43981527446514,4.42559658832296,7.96669874702597,13.4223745600038
2.36288728723372,9.68857758946609,8.55634456669114,12.3079366052572
2.16155660957992,6.58245318620249,9.2187348227237,12.6031339934781
1.97258566198216,6.15538547566556,10.6523329818527,14.1085609777714
4.04896108388824,6.30235019303865,9.43210957465662,13.5013957183655
3.9826757646036,3.64163648142734,9.53128050877062,11.6505467590389
5.66595750763012,5.60798974515641,7.15514607723968,13.7452501233357
4.5757967810806,7.52096515420654,8.2506318076786,11.5689692508909
2.8041113968514,5.33097680527108,9.97867584470574,14.0918632962313
5.72748403202868,4.11288981595931,11.0706578392079,14.4950094599962
3.56596158612072,4.65158777463482,8.7546453011782,13.7409091339076
3.7895741336081,7.55846418804469,9.81661784178646,10.7465962162403
2.99870334517462,6.22572649674571,9.37286678219233,12.5076532020559
1.8657534578009,6.34763386633993,8.16903679377569,12.0689437387914
2.35328810046226,7.12621425382106,8.98008040621895,14.2591528503628
3.59265295981877,8.45892954434972,8.88500894022942,14.609705873047
4.58967829880209,8.13715435323444,9.41295385558881,13.8523838665207
3.41635333304422,4.10575793606236,8.11772228873365,14.856182866671
3.17068858493574,9.18125679743819,7.11169181428197,13.2159986856987
5.05946716508432,4.58924596732414,6.66849591297153,12.7083605600259
4.45123413030213,5.50607417166436,8.37840472587528,12.3180216136349
3.32519485455867,6.08220631255921,11.1915369586523,12.3356464166899
4.14049128683315,2.38037352532403,7.73309295565053,13.4933811689853
2.51865395508312,5.98256595223943,7.59219723876453,12.9958679648158
2.91729994936195,7.72581123705812,7.68263962922517,14.1465918819247
4.24873524788365,5.00419928461081,8.38005678037836,12.7113531048849
3.28581886487969,7.85100928660027,8.06712946673108,13.0646576453849
4.81564172331237,3.74093837652355,8.43584879842453,15.5488754059218
3.47507879718506,5.27390067450671,8.09795554105933,14.8285907332325
3.830731069831,5.44406379483925,8.5672842539047,12.6973995996635
3.94761764201111,5.68218692217508,8.92687543999854,12.0045303217727
6.37383601474571,5.12343249432651,9.28693870724412,13.4359139918999
2.38283747095209,7.50775027364271,8.53503967245498,13.9684889690508
3.20901383772883,6.34422359126456,8.35816467353121,13.2638272807002
4.2659064109554,5.46181119174464,7.57841726063437,12.2261748382691
2.90670264246031,6.27318906810048,7.73130076016528,14.6404015137399
5.36476029829546,5.77854755512879,10.2901518993527,11.2757182620592
4.1744337539756,4.97405519745284,9.46547446041355,13.4576190721007
4.86819432688028,7.34154120136796,9.93908331258577,13.6264189394433
3.02238353017635,6.08904863015248,8.09085622353574,12.1778397438763
6.67164519781325,6.26123126151425,9.93858934968622,14.5424540151818
3.48915445241909,5.88023334848859,9.10719327598767,12.0528264744563
4.54509361111118,6.57377600123932,10.1028286882941,14.216338447499
4.23117946245243,5.96311100378468,6.95854045300597,14.6014540538596
2.67525630329979,5.79113169293771,9.67844116557103,13.753174331586
4.00930183549539,7.908239320077,8.98370993842807,14.0525329532601
3.23580540628438,6.99844356328839,8.68030416288264,12.7523676360811
1.02498361572619,7.69835770551145,9.33456153248734,14.4955042027176
4.415987883391,6.18251594547315,9.04981397006966,13.2155959426517
4.58644126755771,6.57000835303004,8.47995631113431,14.4728259974704
2.75079331659224,4.29498880203852,8.38647839095625,13.4053886745008
2.90749267255653,6.23098630816986,8.57174121132606,13.6388880965071
3.59876140416606,6.25189435485063,9.01283708157898,14.8574051241614
3.38673098642877,4.98486018800478,11.4583747643635,15.8826412036864
2.14321105494481,6.03810451262363,9.33725995942594,15.1763862285563
2.86343266957205,3.91008740640507,7.36285527809588,13.1936907727795
4.20948516777439,7.17523472210155,11.2355848345379,14.5066765395859
3.04905561139629,7.31926536728643,8.10164616184156,13.7639445114394
4.12734648034304,5.30696316854422,7.40005540927355,12.6476410080975
2.83684388440005,6.3537600952143,10.5227058017548,13.5554177064733
4.1155074591983,6.06561010701496,8.56472357413581,13.3874269075124
3.72128706789299,5.0628955079848,10.3523697190426,12.6469503404238
4.19957780345199,5.99572914363611,9.26838918469307,12.4825783042952
5.36647694853267,5.34482814690997,10.1281350426553,14.063193462741
2.25486042297399,4.63291673367257,8.20581861669615,14.6116691716032
4.16514546012648,5.26970584234246,8.34757364894478,14.79883427444
2.9438521648904,4.41690367110143,10.9809630305382,15.2315769457913
4.64827541354577,3.90200692222795,9.26351081082859,12.1842463152007
2.78715898951873,6.47996476039893,9.92081002465058,11.9286228789796
1.83653993634988,4.55186314775427,8.80475955584389,13.1822517935861
3.22606050113838,6.04426132544369,7.48791824058528,14.9550789704389
3.99348846364827,7.04054743601111,9.26649960635995,13.1226608775753
4.83437399604688,6.08618280211589,10.9586357575832,13.6617533928579
3.86937889373678,6.26756456843099,8.26883221393952,11.432497527644
3.85068300382511,7.84133834712385,10.1808524533475,11.8812382924283
3.99641765191627,4.42206710957658,10.1247609022947,11.9683994833988
5.53432517425531,4.89952066574733,9.81580868466787,13.2001236217181
4.31609158660247,6.3587884148368,7.82852537423948,12.1741530471205
5.16862493902841,7.46698981732507,9.78423348461609,13.1257521773182
4.237115857193,6.34408519591663,8.97638378119713,13.1888015139599
2.73951604361602,4.93809801487162,9.83201780675466,11.3346065997349
4.63310839358913,5.5906431458095,9.76706735821077,14.2491758546709
1.86679103586827,3.20171502171392,10.6757396850854,13.248352682049
2.67310595943524,6.91366134674656,8.37323896285091,11.9904316718005
4.02794740426061,4.80346587727788,7.96277566234031,11.7479931136177
3.99921352532183,4.67502087098615,10.2836695969374,12.2589886983241
4.07112137815705,4.77799328239836,7.48799935939617,11.7647534096212
4.40373808891379,5.11274213095536,8.28406966896876,12.2790593952201
2.40321927234617,4.80366223809689,10.0629574983193,15.4409998969056
3.75539148068945,5.23544925865337,8.13064135062055,12.4879409110153
4.31366314776534,6.93346437979921,7.05684512393064,11.8483160156443
4.74258739763566,4.19954983342044,8.60934648263804,13.6216432099743
5.67313516704533,5.83945344990709,8.81339067093298,12.5160729983657
3.67817440559931,5.49021015440899,8.06909706130394,12.2120446279281
3.91028920056503,5.67942588297413,9.01591227155391,16.4316818880915
3.10985719942736,6.29168228250315,8.90055989644953,11.6980360922733
3.14046490449717,7.25154772437116,7.8481391821535,14.3878125085141
3.15778111139721,6.56980086946942,9.5399625184802,16.8834268706924
4.8018661149986,6.68381299092463,8.87433344896677,12.5104165416604
4.46265916278169,4.96078812403022,8.24768510704177,11.9346579733457
5.22121048567452,5.43054310942103,8.94257131901497,14.5665763981904
5.16471507840502,6.55614383294597,7.81996027675455,12.5358960148373
5.25512932745262,6.84185381160121,8.1371511060729,12.1550896291554
4.1357708380196,6.44429572142421,9.79087900403631,12.2118682574425
3.11432804299601,5.73187590878184,9.2935118637577,12.8380753327343
3.65247426508482,5.84059526763696,6.57958946743365,14.14456704165
5.33749433059909,5.46903220651152,9.41747717720607,12.4579864081822
4.33030118909212,4.40894758312278,7.39819913771694,12.3982272102183
3.83370567006344,6.861999381252,8.61808476752435,13.284201295774
2.8775847697015,4.3766568717807,9.91369903758334,15.1275971838939
4.31838871149193,3.50671527895584,7.53077079192744,14.9689369430564
3.79379308564798,3.26111468104604,8.87252258882717,11.9740321797066
4.34904760547349,6.30180717951018,10.5525047281862,13.025506663854
3.18827258421354,4.82649672120539,7.46840275358539,13.4563847775255
4.10966169936028,6.55643745941139,10.0801585524024,13.8645436526209
4.03613311657351,6.10764049936378,9.69367036582143,13.9978242296399
4.0474865409956,5.97522101211695,10.5070740744339,12.0186616584228
5.16985674371152,6.69178268922457,8.7964070716244,12.4852954771048
4.2028179897929,10.12817706683,6.15429593381083,12.2397173975922
4.25983602364064,6.39201595312141,8.60503022457278,14.0379420383022
4.07730894619789,6.63891449691978,8.09341469195651,13.5095135168739
3.67038226816685,5.23078814234429,8.37712373179058,13.719123983615
3.0950571921103,6.07393303378509,9.94927142402756,13.2248814961248
5.89320754742282,5.42192867441287,9.93315297553945,10.9073559701147
5.67743522365351,6.7123028463844,9.14398624735628,13.4401243080505
2.96305554089392,6.80729459473538,7.56424037590422,12.8124882577793
4.01678033790169,5.14192659359781,8.79943125717847,14.0172838758838
4.32491616836219,5.697563268718,9.79429773668383,14.8604581671199
5.34873988818282,5.80546200458339,7.89220533423201,12.5590565899515
6.49294565012217,6.83679540990262,7.48739945489283,11.8535765575994
3.273696868291,5.81009471803438,8.60675861794759,13.773140233488
3.00417242874998,6.78371173365618,10.120749507857,14.9376207300486
4.16931625198333,5.2153323717158,8.69371185727319,15.2710232727389
2.79590239715433,8.24437976952501,10.1422514791782,13.958310926883
6.09353322543031,5.64432685146182,10.1753144375822,12.7336254088903
3.62319659191999,5.20578714415759,10.1334730402578,13.8819307769803
5.09008294728249,6.61836118296168,6.59227553192143,12.3366372860069
4.21556425856517,5.62126404773693,8.67320375142699,15.2188654260106
3.81459207045531,5.06426406842138,10.3467296739411,12.1720172109072
1.84656212967402,3.45706655782319,11.0068899185537,14.5995816046448
1.18852896563767,4.35227850263374,9.17048115161948,13.792253292379
3.8822210879333,5.60335620651257,7.68549890500369,11.2726900324138
3.36541213166139,6.16477977351299,8.50922961344431,13.6199462017232
4.00515955192792,5.77262820392374,9.94998525531195,12.8928881228568
3.67769315740933,4.809947174696,9.05681791509605,14.3797458141462
3.91248710413278,3.88029652934578,9.66034594053033,13.1091323158771
2.0038200806135,6.26485200373971,8.18525135378703,10.5283924452533
3.13737433580638,4.68824223277084,9.71931672765487,11.3673251588168
3.86659608762995,4.98264459395929,8.08358052954563,16.4303671654869
4.45373278371938,5.78285167407081,7.5122749018574,14.1468795603826
2.36087096923775,5.67250712686638,10.1322166673414,14.3843866069378
3.61886334586779,5.69255168331256,9.85053461131714,12.4626706222887
2.52033951511318,6.49167044157981,8.02638578736845,12.8539255466851
4.10597134415754,6.41725662994636,10.0210354849625,12.0170274964913
3.39764781592272,5.15588179397285,7.8033323122733,15.594216962278
4.75959720449385,7.28874041683339,9.25101329581668,12.1505434161557
3.7986512272231,8.08575866526245,9.43064848733093,13.5511119443074
5.10547848541524,7.43831343351325,7.20159825060411,14.1051496989679
3.94174585738555,4.84388814328448,8.55550584880217,14.5900607851247
2.40888758777463,6.40228863513995,8.01856188243271,12.5723651374204
4.73870316213827,7.72945744595238,8.20042565541296,12.5759163659974
4.03068919074126,7.09971374338349,8.67254160890005,15.761212312148
6.1378430562372,3.74339992857019,9.08063663660088,11.763173075898
5.82344435634649,6.87276738414541,7.85578573881592,11.6999000161334
4.04060443029087,7.26318137727621,10.032811603469,12.8564323453563
4.3630601242307,6.44078764265122,9.78277024587403,13.1117852975396
4.14237370400035,4.92893859906561,7.73781805556533,11.7561647369406
5.03934671470366,7.40580809451097,9.48400550627039,12.9378092144646
4.19571293017333,4.97769946579585,8.00860373243322,14.1354259333146
6.35399319003213,4.79164852190107,9.74335702261634,13.5173169310497
2.54341246455887,7.52732643169845,8.15278639255621,10.728022710688
6.60536276960748,6.09178866918285,11.5092778632611,12.0286993882006
2.86665253060301,4.51450650798429,8.3245481453573,13.7933198358977
3.90589055987613,3.74084385021818,9.1749109391296,12.4533141054739
4.13233602299991,7.58885774608519,8.81958513998309,11.4652357767907
3.88560963720477,5.31481400125242,9.20083268952915,14.1689726370389
5.8548802003436,5.25073066535505,8.26830208075489,14.0910773905511
3.30834117197839,6.78103569785998,7.0223021394656,13.9846120511531
3.9390100094624,7.44756715657027,9.74992303409783,14.2862445035196
3.83303588071476,5.13551471126081,9.51157854942327,13.6206893571277
2.75390324317691,4.4036122185913,8.26431341847861,14.0688190138695
3.54582327230572,4.48741872059385,9.2996614735002,12.5377308579895
2.42047252960436,4.75490880273173,8.58661146458389,13.7179896099754
5.18074808792419,4.24197384694799,8.0377647039659,11.6931955871822
3.14282396215487,5.8595885278593,8.95878806394401,13.9422514819486
3.91145627161138,6.07601630236905,7.73698436867065,14.8164876696111
5.70243829700298,6.62378280985727,8.02972884273795,11.1814957005868
2.97193285453776,5.20748063472825,8.6685542605466,12.2836605375309
4.05881731615317,5.36438625725025,8.91583979415147,13.5033681488217
3.15404138758115,4.77469361011118,9.31546859303306,13.7995363769655
3.60962928541714,4.78633271825095,9.51733197856877,13.6428934007375
5.36009567375918,4.5438607556198,10.4042107611677,13.720647567224
5.36900659083634,4.02499593752444,8.34644235643481,14.1143506308226
2.10237053644042,5.3026984159822,9.99227310856317,14.3631549166675
3.79277130746703,5.37930240301445,7.17631063537717,13.2126352259772
4.73167373024779,5.37448062253309,9.07162228023112,14.3074820283252
3.85559824413671,7.86051837665742,6.25558042932786,11.9009155230153
2.91694015053859,5.22072853015319,9.79992538474053,15.2629896073511
4.16491143275039,3.4747929340816,7.70645050216952,11.3094387111877
4.62243822723342,7.01943022569018,7.91585760397165,13.7947249348153
5.47214238757663,7.33566589059908,8.4874191558382,13.2977866283207
3.46613877027029,8.37048216319997,8.72049152275264,13.5710207419363
5.62127235972274,6.34140682732995,8.12264331512247,12.4445031676775
2.97600406535562,6.24994121949673,6.62506818768057,14.8465804963167
5.29796584998373,4.32032065900053,7.4110883220079,13.7850047375295
4.5969885752243,6.04050094813102,8.90891568328591,12.8777666924715
3.99944298433035,8.29497558433996,9.4215849188873,13.2212215487594
1.94272547077143,7.87561098935973,6.18840909803444,16.619587540764
3.97686145574906,6.23762541959632,6.66978329351041,13.6371370197337
5.02693009855642,7.08987717976612,10.6296447997292,13.7320068221033
4.49266408490629,5.90964173650123,9.23727373817846,14.1047708868641
4.4444346837293,6.37353044628056,9.67890033079329,14.6634608961913
3.83798810213627,5.53770493081483,7.28328578695247,15.0577781174492
3.40293251944337,4.70980058747318,8.4636858530812,14.3839521122294
4.74285785449828,7.35602724929896,9.72586893255078,13.2563261483069
3.98575102122766,6.29096655774123,9.9421806175472,14.6339623673157
6.02189849440329,6.31388333915501,8.27004017043389,14.1572064656554
2.56240501483028,6.03708517267147,11.344900509503,13.4323726391459
5.33125732616469,6.69361678343813,9.47428105893287,13.0497000642723
4.65879114752301,4.89850977848586,9.04157684322935,11.7380459338593
4.32351669335882,7.80732681615736,9.22905610059505,12.7727278217213
4.67678056314037,6.93720261640135,9.22010059446611,13.4316682430618
5.94243621686236,5.03766862603199,10.4131726194883,12.6226618286503
4.24065656990025,7.028890113614,7.82252314130455,13.5362619453023
4.97208548895206,6.03834754375289,9.75866165726001,11.8950163682387
4.04252174829931,5.67588327967315,8.42820608271613,12.0605234184439
5.31515128870772,6.71188166530546,10.33966867977,14.5986142916938
1.60641570881825,5.14800525842035,8.6929682151377,11.9150934130834
1.8236379008304,5.2982666025978,8.3318517502312,14.2172292583154
3.78978169160837,5.97923312483452,8.144958935133,11.4122256048938
2.33773870993498,7.05969719268138,9.73084645981944,14.3538940423744
3.26882742516081,6.86138198562919,9.58335156866171,13.7427451657834
6.28501219165512,4.85952129012373,12.320367230866,16.3015236526164
3.39018034935358,6.20397112918117,11.0439873217698,14.6905984608917
4.39573271270683,4.96617803350797,8.14333247947804,13.7637362708225
2.53935710828557,5.59840497802852,10.9898852820663,13.1370189406245
4.22152636190365,7.65177419616704,8.31840364235227,14.9758337050801
2.70637653576225,5.53589707862039,11.7072337228307,14.0879702289832
1.45496284799647,6.28958341720807,8.29573784641054,14.3619188101248
2.58746816257175,6.35651535246649,8.40359739006013,13.1448755599083
4.36307243936286,5.0299598697832,8.71738254121954,14.0075247995318
4.21324138785945,7.49271620262359,9.05816205850165,13.3793378597666
5.96453379293435,7.09154639874324,10.9632834903296,14.9171989366158
4.48001313867897,6.54172027571447,8.87641673593306,14.4627200140233
2.0151932111604,4.70776083924265,9.85814489771841,13.5527697045388
3.70338679225804,5.20629177440089,8.56672589789484,12.9393265259262
2.22478496730674,4.84250746074495,10.234488593408,12.2075147404743
1.5247599923276,7.63897102812078,9.94072587079039,14.3675317734313
4.20459340918457,5.58225337108354,9.9939684169832,13.656158244632
1.48377081050361,6.34649069654927,9.55107112303974,12.4960802573368
2.77883413823009,6.32017851464504,9.88692042295332,14.7652928630824
2.9902218902981,6.17241751662352,10.0725168569256,13.9511508324486
2.94243838430864,7.81626566336976,9.44801414740894,13.0576008141042
5.10161769614498,4.74285751314907,10.6476396105463,12.7683911257598
4.08152623910679,6.72542923312197,9.81521843712346,15.1513979553518
6.83250844927395,5.47521149469365,10.6680483677673,13.8096162857602
3.08083765992111,4.39924887693662,8.66306800974845,12.4746359678679
2.57855848199905,6.2365365802105,7.26923401042895,13.091270293853
3.12646027768964,7.4716550054693,10.4741944548998,14.793691206864
2.52267161686854,6.28269524800173,10.8408374453854,14.4699364586928
5.55429068550701,6.25975169551803,9.27190631360308,14.3205595579298
1.50705419157244,7.55399889671309,8.06396950201863,11.9020371165363
5.46449559174834,5.94777811456764,9.64867430968025,13.5930002539646
4.93212610874095,7.16821322915067,10.2088233756068,14.4968104875757
4.81072049610684,5.75647039476348,9.22396999772534,12.1309603372173
5.21257463027936,5.70459276444965,7.98911743037419,14.0905305674823
4.27401731591222,6.18193367046752,7.68271241127407,13.2958139708843
5.91559933362458,5.91378357226754,9.1632805034753,12.62963754762
3.99037591740578,6.46627898938926,8.58718409131123,13.0116816857265
3.55918454906603,5.75222079507344,9.4879700126214,12.6123272765769
3.0981976923934,5.49145938923169,9.4693659583588,14.1549577488371
3.79311180766737,5.58929528171475,8.97072302681659,10.779700999945
5.30455410873353,3.93184740152636,8.60116322987117,13.6946837670982
6.35559690723124,7.08504369633893,9.33823588892853,13.3476790924479
3.94884611669449,5.33318656397795,9.29451163858678,15.7863482778987
3.48209973455468,5.87710888164497,9.79519750812043,13.0877139088456
5.23718046345237,5.08604433899855,6.98063743291417,13.5981696294189
3.56124757643166,6.87612417739374,9.79261676835341,13.0059759416789
4.56676294228238,4.15759982461484,11.2877884329592,11.1599098866382
4.08631873181941,5.91877905152691,7.68807303016216,15.2419158289386
5.44273759489262,6.54083540033359,8.89284849029984,12.7068027581021
2.75124671421821,5.73434880087549,7.57543316942995,13.9231022690597
1.73192562005042,6.27689796132973,12.0571387027397,14.0157765706582
3.9766397789429,4.89265635276339,8.748219505686,13.3858169518926
4.82355090919434,7.10682302173828,9.99532201890368,12.9819894730829
2.43130122470746,3.04971876120397,7.43546802834465,13.8503907130496
3.84042656848269,6.62333320490713,9.97615138846724,13.148788655552
4.05271289012124,4.74010952135495,8.25028167388606,13.5087633387569
2.7022330240686,2.64829694382872,9.28023298869952,13.672187245309
1.64400079825669,5.14546872828204,9.58903337194458,12.4928769425785
4.85996256120529,6.54907618091288,7.96080889168143,13.0862538447298
2.28671160806898,6.17500999606284,9.24638621564141,13.7029245091312
3.14424698039661,5.15982841452379,8.29311743503051,14.8903412987215
4.09546072660844,6.41444261374518,8.84529121897491,15.2186054202637
4.65979497001338,6.44731632944505,8.10241643776577,12.0628552097636
2.44104885426036,6.03164844407975,7.75428184393318,15.2842786139886
4.47928242012517,4.89509445012261,7.85802798575165,13.1453252531821
4.9246582729565,8.77710009383806,8.32812766596946,13.3760496218341
3.94448221749009,7.26840557386435,10.1790764685842,10.0403779905499
5.06363054537091,5.24547645666268,11.5965660793386,11.9835622637624
3.67136820615608,6.8684905994679,10.7762533377619,14.8955641720021
1.84672320489896,7.26773003714187,9.05555516324764,13.9172273177725
5.64751627669711,7.98214216270109,9.51908792723826,14.6135838757977
2.60902414036275,5.77493144552677,10.6711777811996,11.6709102611372
4.6508151875787,4.19416623831358,9.71338841714706,12.9956345343955
3.7413220441112,6.81129496158982,10.5819070456574,12.1276696816731
3.24863645250763,7.12472977745529,8.54405729321487,15.2584423336308
4.37678428208131,5.1694204678554,10.3176530840079,11.8910272631527
3.88746145407339,5.52883404116087,8.98429760361704,12.3646459029956
4.92933276827108,6.05478618558724,6.72637340344919,12.5949896087107
4.77924063562049,5.77514098356835,11.0202539181674,13.0476637982815
3.22496007345352,7.42566214111356,9.26767817732589,12.0453381903985
3.02946850821788,6.18455101151663,9.60383672363287,13.6923686515604
2.45211276261069,7.33057816333827,8.80464554680683,15.2463376666878
5.83873549565657,5.61636996207255,7.30972559855269,13.8932454319596
4.95398652749248,7.4407997441091,7.7390997331906,15.3805440818215
6.28212301603404,7.20880587465127,10.4833717542979,13.54909447796
3.72090803561311,5.52944994932213,11.4334229907511,13.8719203977882
4.48414036505862,7.20532359154729,8.24496150020066,14.8255572431829
3.68810599513411,6.47641106158539,8.65518435012403,13.5956743660954
3.93030742562534,6.15340099721355,10.7691498478686,13.8393210842345
2.64759141886562,5.82568640396346,8.31557339305938,13.4694230052421
2.60926054520467,6.15887623679,10.2314141678834,13.6734519908038
3.447575033586,6.93642603325474,9.04680590006349,15.5160894571143
5.56214615559332,6.10349623953839,8.7192567853072,13.4005559155614
2.83123049833016,6.92835395886785,10.1716208180829,13.4799705478502
4.8454410419592,5.17099783328264,9.10764768582202,13.1342252976868
4.72243957523018,5.39492914841533,9.7114262419507,15.8463341945371
4.0892030760302,6.97299352308644,9.94226612649889,14.1314981475141
5.62031058985707,6.08256532734722,8.12382607005738,14.6929924953595
1.89511541431161,6.05801915978447,7.42904358954489,15.520147425616
4.76072692085747,5.87973003520652,8.38517073665439,13.0256284087231
3.56616744593496,5.63608496294276,9.56696770848083,13.0300670985647
2.75788479770187,5.0922475721078,9.00352927839475,13.3451005987202
3.57992675761149,7.74566107755861,7.62146160023344,13.4966016099482
5.00938040178819,6.57255711832557,9.39663865062427,14.2040526353617
4.04759460180982,6.89753277524671,9.62243432216624,13.5148429691368
4.39822961793873,6.55501716104538,10.4650334726746,14.1422901073887
4.27555155256643,4.48919710460777,8.15607504086913,14.1374076080046
3.41798357923086,4.21958254397044,9.77608029752333,13.0514901097684
2.86901552509734,6.88533650352861,9.18662610835705,12.2772392115688
3.82354952538521,4.56003365859545,8.92025653987664,12.912592230169
4.84646115962515,7.19641711390099,9.50865274518469,14.1564914225714
2.63342200924221,5.51747052131788,8.11633203521662,14.6366353442739
2.33873973145538,6.47695783846127,8.8341830944364,12.1478080161166
3.6092542215803,6.87627255371453,9.65478702628412,12.9823036125444
4.98411865236489,6.95083614873973,9.57186663755835,12.6633679571313
3.29348598790888,5.85855524069278,7.6669494267785,13.8459675533273
4.57148082176111,6.47447474213377,10.2265376868514,12.5665576183745
2.78494168859666,4.89359762707874,9.56812459528241,14.9100603962655
4.67153952329564,5.88563423033088,7.69311979726079,13.6321512037177
5.115302339838,4.08720136852455,8.08127426447046,12.910445309778
3.45653231166072,6.49193768935213,8.42449518211835,14.1970313892631
1.82734960945086,7.74192542139007,9.73495518429379,12.5437771497228
3.70459347225711,5.2667954700129,7.94374805064648,16.0031390354074
4.86077420191038,7.97690198130227,9.77694450859954,13.9074522573267
1.54640783665866,8.01508063658487,9.18401378713848,12.8681254861134
5.29509808862773,4.13746903174669,10.6226844887417,15.074975855356
6.41615151994486,6.49991588146361,8.17184726337959,13.801826225916
3.9366909603228,6.5875415410414,7.27478027410833,14.6088517737154
0.870225010001308,6.90107796136267,8.32675776161854,12.477019757632
6.55889961193904,7.15567621908029,9.07001997030181,14.8910943136055
5.79731592809254,6.66250677313639,8.55946693671551,12.5201344785793
3.63708139697091,7.18361187876177,9.60972741935333,13.337514747641
5.51938842262754,6.14634428147623,7.42343543508603,15.4370935686711
3.68978491096367,6.49241522921266,8.56838993958846,12.7346797279834
2.67254855910996,6.06780330225808,7.00018683232834,14.5741345530292
3.12549285976899,6.47781409342484,10.8005203616976,14.6016712179115
4.16937070957348,4.68128247718165,8.03283403406737,15.1007757852982
4.05377422681429,5.90242814777368,9.43911513207675,14.6756896735112
3.39517767611217,7.12497889205223,9.7531671159195,12.6618156741369
5.15764502786326,6.77424652493252,9.2703351964579,11.8002570705462
4.6950822769256,6.36465901123098,6.85963477027981,14.686838345491
6.39573496857518,6.34008479568178,8.26660721733951,11.6936147031662
4.84055139490416,5.12515489009911,10.8244716556633,14.3611635694004
6.24902527141359,4.55631778252728,8.18001025127049,12.6221594869652
5.28867108539203,6.61189457702184,8.82136777421114,15.0246712977523
0.760416353692222,6.14295922959175,11.0002782685975,14.5075853588036
1.58879127432146,6.6556166466025,10.3135059950296,13.1650556456264
4.50552042023984,5.43720698994787,10.0205188194246,14.5072074113041
5.00514578977218,7.38600488380971,8.91052993361618,12.4664557073222
3.63896278501857,5.60023419724072,8.47672483317239,12.2335634160374
3.19179504601688,5.41391460951838,7.43041063011102,13.769024022462
3.89564165615447,5.20593482307874,8.04646916862112,14.2506501346776
1.87105719459368,6.75966532343412,7.44107999567434,12.9703851199671
3.41319847859217,5.68181997270803,10.1007984114735,13.0332269933896
5.22125164007586,7.50247680874801,8.87180053536445,14.0964579604462
3.41132507840658,5.19337583484046,7.79294998326806,13.7911682146407
5.93953089986191,5.26571552488278,9.51851312808758,12.3424766097033
3.36309624975371,5.75126876296326,9.5892742899207,14.1846813384904
5.50120143286499,6.25510990810497,9.43445701925161,12.8668137894132
4.4799022624574,6.05686265371545,8.31808606690268,14.0671934043561
3.89613121766565,4.9477334885284,10.4574479265697,12.8921583284395
3.72911712176072,4.25919083204514,9.20442935989819,14.250586048485
2.39647915616897,4.84205922335588,9.25568226225935,13.9711018675709
4.18421863001323,6.36712482483854,8.70466618743135,14.084227986201
3.90814004344889,3.89109512102431,8.74274297270145,11.4715025532083
3.62098679669315,2.76588476375248,7.91768418593911,14.0277972457719
4.58361741983396,7.35782072573005,9.0318376539378,13.5025775960961
3.82034754054127,7.29118372931728,9.39467737759272,13.0137925385722
4.30365537980343,4.4055990428423,7.71733762305213,15.4787301006227
5.03690272697889,5.20025273520777,8.68781058701969,12.7649899397753
3.34613970591448,7.30698783183458,8.71932910573831,12.6665715277896
3.92048469245171,5.48697695360852,9.39117528412572,13.8659952831629
3.013016408689,5.42625800186997,8.79715443251231,13.7983119177112
4.30065233830346,6.35573461997975,10.5024870321731,13.0189171900282
4.45876456777506,4.7990446787104,9.89224705633901,14.1133454317532
2.2891795471654,6.80428512624239,10.3872633670873,15.04061285425
4.36395389178945,5.61590128386292,8.76947927569764,12.8075406996977
4.75764655880393,6.59051833615332,10.0291231761659,15.9497679874189
2.34292087426253,6.57257589717328,7.71086442165738,11.7268138915582
4.23337996122375,4.2396190210597,9.51983786258911,13.6457903940082
4.1677469486074,6.51173388036061,10.7838346643525,14.7792189427209
3.43732827392675,5.64256782769219,9.46259323415939,12.9538451250105
4.87406566867378,6.90017071669375,9.09037797977626,14.5680235522248
4.06626103065173,8.52944728703477,9.10037227443142,12.7041393323721
5.34041378370577,6.38977893260541,8.86147022976079,11.1145466103954
3.75931443802661,5.86762885023266,10.4643769290014,14.2855382145651
3.49709735501383,4.99963764539848,7.99663392432531,11.5457938866093
5.00282972255565,5.15275845432311,11.4678000853906,13.80141660891
4.91924308526149,4.21410265806598,7.751389582045,11.406427198575
5.73436442807894,6.85153220381949,10.3023915308341,10.8581427324509
4.89776726004216,6.57010147885567,8.61190507003932,12.3685623329249
3.77192951004311,5.8893676843924,8.98514315062601,12.001249019646
5.67461907187414,4.15181991884075,8.60745772511335,11.9967473372412
4.06220476005991,5.99416539331668,6.73661322185469,12.3936089493028
4.01439742615011,5.87746054107559,9.00223126126193,13.6343116374397
4.00976505897148,4.37043851170633,9.67280460000026,12.444976774083
4.21833233314503,6.70101145623439,9.30923722134751,11.2144217251067
5.27827914650483,7.59775102575739,10.0910080463138,14.5182347290599
3.01731597935881,5.07571638925361,8.54870428495605,14.3315445690796
2.74663966977924,6.5852323743698,9.25764505829906,14.4344547625959
4.02446658378806,3.55666024586996,7.78407199681595,13.1599864308709
5.52597999756672,5.86252557164705,8.15046701058603,13.6221036888121
4.88223234018282,5.37719469024365,8.97425012659711,13.2097558082667
3.6358202329219,6.12981117609664,6.57150365403442,14.5294407391082
4.74189710771214,7.00733330207155,11.0602413676366,12.7719657437346
4.90535348074115,5.72130515675477,10.0996416359966,13.9482633649946
5.06013389849148,6.3237301806122,10.221423386095,12.679943804486
2.71517954139214,5.79531709891852,10.7826758738613,13.5076188976976
4.15076026334355,6.71757161602237,8.90431543238954,13.3571726977161
2.02932881364598,6.78718766258018,8.94110283204259,12.4244584000167
2.81982546835874,7.88708549236971,10.2906673133962,14.9842676338353
5.27666333013199,6.28616281859707,10.0644455827325,12.8251676107178
4.00690057935972,7.07867432999309,9.30813089523628,12.175161777747
2.21524039652297,5.59625275863108,8.57121365099289,15.4609126721485
1.95741894580039,3.72909883343063,10.2952101675567,14.2164933461286
6.84514985904719,6.1188011107777,10.3017339763103,11.9013678360104
4.37517704049584,7.34811082411398,9.14727439729597,11.7847863559826
4.8196310275541,4.91791647655654,8.03174476909164,12.7680536472795
5.09588528954331,5.03004958941962,8.98613447824417,14.4394072142728
3.4940984228849,6.72829036011682,7.13358059083279,14.5325442866833
6.72290838942829,6.2644193261529,9.80148238771867,12.4798397013321
5.98660997800694,4.86583327017331,8.74781111097676,11.7335960356714
1.45909847583675,4.54310349844955,8.3909546761516,12.6224724052653
