"V1","V2","V3","V4","V5"
4.85322089615556,8.99731403531002,3.72930177807066,3.94747815161547,4.93354883837067
4.06227941693994,5.45051181569614,3.92128784339216,4.79111399004501,4.73844100922009
2.13025269917082,14.5143777738105,4.76042928995843,3.82223313802381,4.0245773315744
3.2046991583957,11.5556276732933,5.55458721309051,4.63328806483029,3.69182319779768
6.69731455912135,13.8996690058964,4.22460987651362,4.16787486054705,4.09320356997002
6.53144413197066,4.61497128830402,3.78851378300468,3.66888721850249,3.84952053315384
4.54568859035653,10.8895626635008,4.24253608778049,4.81883364150992,4.41072807682642
3.32991289280336,12.1242383519937,5.02773884673889,3.86166113281595,4.45989205560687
10.6169332745669,10.4429238262729,4.79909212164287,4.46974570627831,4.33744130341943
5.1256234869927,4.76772123277002,3.97805781942953,4.29844196960404,4.78304264499716
6.47312180732835,4.14608804080527,4.86566409685545,5.32331337729409,4.16641003002817
3.92395624959188,10.2887479810832,3.82630349542835,4.98911689666563,3.75733602955132
6.66747809555756,11.4965758553762,4.49496077674118,4.83829134954217,3.59090793899522
5.01803979386478,12.3206529266309,4.62827539026622,3.92110558559557,3.90168016522133
5.30882976153595,4.72898055539584,3.75524335768322,5.37828582198423,4.86123190914344
3.59262972402405,13.4242552092694,3.92740652455703,4.71552823459953,4.2880320941952
3.70140780594324,3.83205657744871,4.09115376727939,3.64186133207368,3.8726545311739
4.07592342326303,13.4922456123394,5.01651752759404,3.70013055074245,3.4976415931318
4.37690890063309,14.3065416371355,4.0383991298453,3.63395618321498,3.93149058749867
4.96139123365739,15.235220015288,4.43087460567665,4.93960916945227,4.44809773302931
2.80104736330342,9.99250826222534,4.00617503546059,4.66570969725767,4.4244114767943
5.42708707963217,4.30979621543248,3.89482168441315,4.6032317349272,4.21345652123708
3.24925959151347,10.5068934295655,5.07963098147909,4.16882379211692,5.18872480985528
4.08891098555557,13.2345702897297,4.24388846606655,3.75263644270896,4.22939190967721
2.24463994098686,3.62203260039916,4.39219783475594,4.35038093469322,4.86671513448886
3.57525816192361,8.54063167318285,4.95310939515388,5.36379893075661,4.76649626171182
7.22201420023628,13.037032585645,4.07296186529764,4.38202766818589,4.5436534759069
6.34078709217413,16.5567447259671,5.37042224973246,4.49374294781254,3.79287644835152
4.92664744795001,4.75909467489279,4.63612675961981,4.36621898884887,3.85901434144342
6.2287311427194,3.90043949391933,5.1633354557883,4.01867714001454,4.71494456211551
3.88585551166332,10.3228358114328,4.83388854884558,3.79777958998562,3.33372535064183
1.60525356205332,4.088775052161,3.84129346861267,4.58422796170296,4.13807115421127
6.22706028083302,10.1794661570239,3.70338059230775,4.37145324662356,4.15437145484578
4.99306319750659,12.8943241875214,3.94134043366395,3.86521954081247,4.77133134369157
2.93183373327166,4.04844713333978,4.76242873200314,4.77353143065909,5.17056620123965
7.46020145752498,11.4835370612232,4.21968181034593,3.26132912262901,3.94868068018731
7.71833898000541,10.8455582799869,5.00161824810718,5.07671633232028,4.41171380532765
6.7368582471558,4.05510484187258,4.57875945334794,4.68366314441665,4.27072762873472
4.23058964027937,3.88999490803134,5.44440647116621,3.32241221803006,4.26316512257214
5.0648121696963,3.7308402800296,4.36608918619247,4.08365546291058,4.68272933590974
5.59436302619215,12.511996947981,4.30708296903645,4.07874982647427,4.70906048161599
4.69943617234657,3.64371773958154,4.4824741926567,4.14331948152715,3.76037816267899
3.65726585359536,3.88476039276023,4.47979571877368,4.45344894313605,4.23063406205612
5.27268858190904,4.39850487207957,4.64417775787445,4.82101814008885,3.68949075828764
4.05688688188892,15.5282306380245,4.52857124237493,5.00024790549293,3.95230707162613
5.77103007628019,3.83355158347305,4.57771627613915,4.2440589149173,5.76425038418478
6.26448864869124,8.90912605794802,4.15804777611614,4.3888803300773,3.26445305208142
5.95210747584677,6.36059972862957,4.42245710900367,4.43212428529124,3.95632178009549
4.55022966372354,4.23014549815466,4.63398495631968,4.72156330357529,3.7966569479432
1.84332049062832,10.8921006924178,3.38157114365619,4.34541134115773,4.63521239196509
3.86200221653912,11.3902270185999,4.61284840627869,4.68465859951189,4.84701853410406
2.47154406953746,12.4518215000019,4.05287028447347,4.82310534401528,4.23107651176588
3.81246207343908,4.24183630166262,3.68390858657531,3.99453275375192,4.32385821751012
5.66133899118903,9.24131509592533,4.48885031680803,4.21631464514134,3.41869529439516
4.09265803128745,11.9686717228688,4.80474765097305,4.61006168780779,4.49716123687096
7.52385343076486,10.4936515552056,3.66195163503943,4.7608412474919,3.84166718699709
5.3651803048239,4.71983367058474,3.50520596187904,4.2434077081817,5.4273740854729
3.23079837738143,11.0040644401453,4.71945435839217,4.79306739508286,4.6580296291694
1.57928507972063,12.1636789277458,4.30864781806024,4.9957982629357,4.78526415753599
6.41855878288395,8.7710530551957,3.77067798455423,5.11517288610324,4.13398536272932
2.83036149979465,4.08614852837974,4.54177265262614,5.57554353605167,3.80404967843142
5.19574742745893,8.64316707455132,4.50960426550861,3.88828351106113,4.13538229199662
5.6906242168502,4.73214668227753,4.6310661485762,3.99538560566683,2.93214440905979
4.66465587461479,3.39805551026202,4.26724615172914,4.93322737363052,5.03493670466262
5.00674766596708,7.28351108234101,4.24116261828626,4.45333980226207,4.53250640024816
4.98666268307081,3.83808156935703,4.19621304522866,4.76816580245666,4.90509670882011
6.79843349820007,10.7557292067601,4.44807302083114,4.16444404767982,3.79978796620563
6.45868061495991,10.472064283333,4.37513802836676,4.03413557627361,3.27855717336956
2.93895543357062,3.87603111591064,3.57372904343206,4.94999797312283,4.8045035898108
3.66100277606704,9.7700306156618,4.72307053764517,4.23095190736228,3.85160149570831
4.23273457919631,11.8993379213138,4.84870167018754,4.47549480041289,3.73343739601098
4.1965502314114,9.82245061353288,4.17952596080879,5.87790885005395,4.30920573352122
3.92585811503693,10.0252715641365,5.40977624748508,3.64708691547374,4.55965953755907
3.70862872660021,3.95434716620337,3.6932866512985,4.50694172737669,5.28071436635005
4.49957628973259,10.7650350562765,4.36383532464741,4.17019737252039,3.31422784930902
4.29475582713942,12.5869736513481,4.94129265578776,4.89658247846693,4.12739478791631
4.13144452696912,9.41958956055445,4.58255316733228,4.39810948458643,3.8815507451051
3.44103973458404,4.8675554970578,3.94336324884768,3.4681761864661,4.64595531335079
5.20564846763481,11.2119367790155,4.83582654348269,4.28786135978304,5.08654471255818
5.31556857993039,4.04662854073112,5.39155541548314,5.01459685243347,4.49736505913334
3.49497175874789,3.73688520777495,3.93273596612932,3.72904925944004,4.3044907311268
3.24931585615981,13.0219521819745,3.83483275078081,3.81312534589734,4.02680577861084
3.37892054754939,8.89058470016226,4.79889896971964,5.18129309815417,4.12967356894391
3.85919493715238,8.05425294521964,5.00076149702361,5.13884090112177,4.79344565893077
6.28539370373035,12.3974176148948,4.26377639506465,4.7613927816533,4.94328063536771
2.80151588001248,10.7069206752258,3.8904051272584,4.95056408597757,4.25402053910293
4.65896245889757,4.04263166147768,4.35346965690947,3.79137506178897,4.36987725433966
4.11720680491928,9.11783263315571,4.51264091935875,4.50152007824978,4.11155634045576
4.31164928779946,12.9700600987323,4.47521565062344,4.59349644611632,4.02483312002069
2.45351367064794,11.9783856302108,4.24943861924748,5.05732546790667,4.75307508597174
5.2637968138377,7.99125283402899,3.62265962239391,3.74277756180798,4.40717761298178
4.2391220665273,9.87766028860728,3.793411960087,4.09921696931867,4.85161124041769
2.35775769197466,4.26899715957721,3.9332567714615,5.48859960436129,3.69098862401386
4.83217015937759,11.2215546508008,3.73915314052286,4.78034156605953,5.08799612201585
5.32590730089497,12.6190206454503,3.82256571268667,3.74562745261106,3.99076567928557
7.57391560877783,11.7938268418285,4.68045963951578,4.93309807705451,5.41828039157862
7.15449533372048,3.65993825313417,3.50140381607022,4.58661716868938,3.89393744707086
3.80970939120981,9.60247368386799,4.45087146037288,4.40940153360098,4.54770894857668
4.10185517367772,4.92042205456728,4.97788989189094,4.47197895213949,3.88191345796378
6.26516662090426,4.12643258611715,3.62949316908677,4.88585046750974,3.76250325367225
3.90210449702323,11.2217547228303,4.19121064513476,4.27440485253521,4.636489662132
4.03804371697026,13.002454682266,4.45250475485609,4.18819424070304,4.52608648674658
3.85883324547522,13.0003235780345,4.43042332989938,4.74703764488501,3.81054720689074
5.21848074848022,11.1060907768282,4.16074332003496,4.25948159824464,4.29811230055366
4.90656448010846,12.2557342605738,3.81499321834045,4.25864695666121,4.85343432983962
5.1364725880257,3.86836356339265,5.66133132382382,4.18804146045142,5.81279071635225
5.7448424358783,10.7723133417743,4.14356073808598,3.46949376048667,4.33952953524147
5.93041339373297,11.1755121212883,4.47371906385434,4.68527519444932,4.27785781489937
6.31870220033112,13.1710568857486,4.4592995721551,4.5835347162918,4.07234034584245
3.93943223009195,10.2347942089741,4.71797945821662,4.51286798514328,4.65151858826571
6.24175155023243,4.30572961777086,4.28686436576209,3.22420579152418,4.30752903358656
6.63705403362889,3.48206756179605,4.03038605474347,5.27477772079134,4.19902366551582
4.84529655799039,9.83536755881872,5.09583082796874,4.30526900712798,4.60897615591042
5.37292747927628,10.5538720030193,4.52283667861707,3.62794586646889,4.42956149288862
6.03694547663461,3.87388717034526,3.87399766314209,4.54865446743113,3.59019106402949
6.50165421116377,11.7627900983908,3.06562572089516,4.24552307308982,5.56428965602617
5.70659656203937,9.98997340611774,4.44185964188983,4.61755283452439,4.94906274844471
3.21960030276861,15.4808853277496,4.5278345054209,3.92218967411385,4.11563361240845
5.89267486514889,12.2593534972237,3.62925025291559,4.79807693774316,4.51644135413478
2.50229886601863,10.8435458783365,5.2390076867524,3.59305932687705,4.07474411787909
3.22363681448778,9.56754825037367,5.37663023397489,3.86549944153549,4.3716876034932
6.20645885185376,13.0594542759876,3.82862338573438,4.02026310233849,4.65258304852421
5.78832316334786,12.551611557252,4.48672545326294,4.93719749037605,4.81633407931827
3.28429908705665,13.2546444592592,4.66718742480179,4.08013377385949,4.23489397986432
4.13296263023993,6.45338988410014,3.67182255019761,4.75183151539552,4.98401029249504
3.86464273824852,10.2602115951906,4.55563481092573,5.6843395570759,4.31371452470759
5.36197693935978,11.0806609157045,3.67508150922606,3.99363239083731,4.76041570300648
3.60315210233691,13.2252871231583,3.44641489392417,4.04700822330835,4.18752768730224
3.20947070160698,4.06309685934119,4.32192609758468,4.85030948337731,4.75917432126955
7.94030422134673,11.7207828923712,4.57601574339944,4.66860492862093,3.66236521498984
3.98467325803071,12.2982591133487,4.12358698901099,4.30993424883324,4.55221679258705
4.71793067521123,4.11863802998364,5.34220061883607,3.95834243551296,3.79905584378931
6.11623801846418,13.821077900806,4.62119563111395,4.91144491166058,3.90634309547925
4.28522770182434,12.5121433623107,4.79319143048535,5.41238960593779,3.76783443127351
3.76778037393625,10.922399578154,4.27806660479257,4.51523429613009,3.46305065106283
4.67538023039248,12.8928757936771,4.61257086990984,3.95582261002283,4.98489072397442
6.18354791985368,4.67397161720254,4.49412527057889,4.16501412735398,4.1984519758652
4.54706480064878,11.7815982327318,4.67061579999996,4.45042052205404,4.07238967333875
7.10479879031014,10.2513778040875,4.49289346318208,5.52805893695055,4.26301076780786
2.1454042732961,13.2817164208872,4.58063507541578,4.00682900921855,4.34124819419765
5.63435636097599,4.05163087910271,4.08576908323487,4.40752329891136,4.85959514811009
3.17327415242733,10.2107442282413,3.81285883835843,5.30167573443786,4.74632131592659
6.77087817804118,9.3718697777223,4.849302694465,4.01853165848977,4.35550823948392
2.72413702490813,14.7213371617146,4.7185162412102,4.81552051344568,6.23620224372147
5.27992178329967,4.15893044048687,4.73623282861918,4.81338685834651,4.79138516360815
3.34564632216349,11.6971161447839,5.30330606408749,3.8232487756269,4.03704089822341
2.17182797360007,3.69731233397555,5.20301173612961,3.60993690787828,3.95155211658591
5.56576739093668,8.01366185867367,3.82479628578261,4.01498813902691,3.54689108683275
3.94095733182208,12.8177308800471,4.15948300964866,4.36556731375998,4.43188192669644
5.6177454211507,12.4882501928795,5.16416357056672,4.36659804117864,4.19463411946169
4.78848373941145,4.1456274948893,4.06676459382588,3.98342429576534,4.03483750403954
5.77667360451949,9.17083668947107,3.69890536938046,4.12112965166558,4.10054027843447
4.7636358062016,12.7219057965242,4.15054523419489,5.15432781121278,4.5207982880965
5.8522728075049,4.20553686712115,4.89404784326376,4.12495563079833,4.92499722614918
2.62660735171413,4.26653388177137,4.70931797989464,3.89027688722161,5.21249350939975
4.5392086114882,4.76915288015505,3.97129760533539,4.95880994355055,4.93175937210926
3.99291260279129,3.97064447278618,4.45636423816164,4.66886429019158,4.16083564679234
4.96986683155128,10.7910813764215,4.95090787302442,4.09192387960266,4.60550890213138
3.67863722769821,4.62536525613568,4.57847159935486,4.5080646641798,4.51331390305416
5.15732723176309,11.6733283044719,5.54843613674789,4.49091461586663,4.43927440613607
5.17436888735894,10.2247928462903,4.95335734815679,4.48478746407466,4.70957351183738
7.12925370519547,15.2361038186494,5.03033857430692,3.41702497196208,4.57247644294306
2.64270663877194,9.21257680904619,4.26565313285088,4.62909147642061,4.59199806063231
4.36816229445124,13.4665927526255,3.63377194657683,4.47181332221886,4.29179521080159
2.48400597237086,12.6417895965206,4.09640403369404,4.62013751498456,4.55524389146334
3.97568158862244,13.0322748065036,3.40503972368736,3.578087332628,4.65726686486429
5.45823007485896,10.0644683194044,3.86740634597519,4.4222487180025,4.94006665085316
4.37662212768983,10.9277812950937,3.87554188139921,4.755672283251,4.59877963593754
3.97321407225442,9.82975624144594,4.21307430894427,4.4483866384879,4.87891101482133
8.35927967641447,16.0843195620936,4.40155274852446,4.82407913990905,4.79905736022689
3.51431887890591,4.00597923109288,4.45529986837981,5.88357687617861,4.96692539625115
3.57396374680278,4.67191260059361,4.18534715841429,4.82711204796705,4.18127997329463
1.90885408835016,10.9857769610745,4.68850095834817,4.80891041833752,4.36886343615455
2.74080222893617,12.2774764436472,4.77618406076667,4.61894151527456,5.4189784987965
6.77590545609659,11.5847481219924,5.23091200335482,4.54510564050231,4.02196944485366
7.47980156703379,13.1890671862513,4.77315438609771,4.13907190333867,4.78330969239427
5.28214681583251,9.94428920860885,3.81427642676975,4.64958143400052,4.87097392925605
4.41952702083855,7.75419172432718,3.92877097824947,4.20509950932002,3.90521973766833
3.02411952453229,7.74472665091469,3.7993770996561,3.79013576758271,3.81214481431202
3.39550544944647,4.70548520986568,3.97646409364137,3.56535573443688,4.29467135789648
5.47521279116642,4.41318520401563,5.18031389464751,4.80744357710758,4.49218352785777
5.17622820664167,8.91613431436723,4.20830580503124,4.45990979591131,4.48407407977874
2.67913879094775,12.5175473271297,4.60835537307504,3.41572338962446,4.52046374502327
4.79971246265911,15.5667042444396,4.45957031164572,4.7327428903787,3.54057936882327
5.01905865332055,9.74974655749472,4.90635128234776,4.73507765406449,4.1037539914868
5.83839751890044,3.60807621387176,4.46027428991612,4.70197823024903,4.55697950762082
3.1963518023289,3.59355743801137,5.0746221740661,5.92880668184561,4.6754820888883
4.68334902015265,4.30725317998354,4.08467922482734,4.79433007252207,4.23926053339995
6.85884729590733,12.2740888361777,5.12727611766338,4.06078248287603,3.68210989593846
4.13044957581685,11.5571087216331,3.68450993563654,5.16783104477507,5.1371619301565
3.61467813240309,9.72214456243674,4.32348473263236,4.42948902825762,4.27403564932326
3.85368756076126,8.25072588183007,4.71486649938658,4.514854415069,4.3672321258689
7.18206946863731,8.6504669411974,4.6944151302734,4.36548878934604,5.37085986755056
6.43028973481636,10.6156166752967,3.96473610971043,4.64735811499919,4.85466279777743
3.52370957874364,11.8080533400782,4.50033871326009,3.90784988511169,4.41137770820518
4.19184787395565,10.7577293917071,4.9287263800189,4.24292707149132,4.71933555490637
6.66334804402565,4.03802957983977,3.78426230456857,4.47518119630901,4.50187822343468
6.15349362860957,12.8710123356818,5.29859538434381,4.71998555362818,5.08904822719009
4.71552576343404,4.05762307158299,4.94074001402972,5.09904492021295,5.50333395992204
5.31706225414061,5.23154942774797,4.69624996679663,4.25952862202961,4.62443655134935
4.4377343250938,4.88727070249831,4.41645710895718,4.17948785218952,5.19636588727479
4.35640769702551,5.63960934948241,3.93466249103378,4.13984954347567,4.92451088569077
6.48895119176425,13.2965309379611,4.40053861160373,4.57997715680178,3.72870580429232
4.1291459319093,9.2524329389701,3.69859688399257,4.37250540651936,3.72765732790291
6.23021573928176,4.73697872532584,3.22318696645977,3.62384514366387,4.5582498567854
5.64901543205291,4.95887065776203,4.99887371271905,4.26495803338471,4.07643713679494
5.35322007149657,10.2724435154397,5.30124621621272,3.72550903439891,4.4528770572106
4.1666769572728,3.75056851917794,4.59501014666212,4.14930725156227,4.53940397861158
5.11672705588635,10.537369871187,3.70490169928958,4.10772866171352,4.32634829374034
3.72018928244248,12.2047377280028,4.93033625670789,5.16281899217199,4.67093165706835
4.02098501332454,3.74420704977802,3.96832214382528,4.79449262954495,4.24782364966429
4.2453917341406,4.00743468619282,4.05109926530169,3.61126685272199,4.47605741717747
5.03299483644298,3.68489247333124,4.57680482210961,4.03952165011604,5.5800666067435
4.11642796589394,4.55393408162342,3.80946474007587,4.38709502835434,4.5890033494083
5.29220458303814,4.05833908707506,4.0733776734374,4.84283571385483,3.71948160133078
3.87350769408487,4.5545519482983,4.35886245488229,3.44867715308544,4.57610261228659
5.99630159144739,12.8250462756578,4.12985412332591,4.24095957076652,4.8057471077627
4.34091424228898,10.0509565708007,3.69074655872035,4.17923804584711,4.38243190898627
3.95821804771152,16.570345159204,4.59263669282756,5.5211564214944,3.98649001335854
6.40278415103145,4.86103413066319,3.7515736550656,4.43808484135691,4.88330615606857
5.47257866485239,4.050398063559,4.41994255564012,4.22777079890506,4.07134375269376
3.97579963991614,11.6271236648731,3.8416536512321,4.06137976091227,4.97665524612286
5.32633096667779,4.09406638210742,4.23728241419149,4.13810318008882,4.36158254151371
7.19797800370513,14.3786559857818,5.28841092996996,4.29946567908796,4.64519897012098
6.043400640533,4.99856291366723,4.35369884897232,4.30547092057605,4.05140138519927
4.97061035516477,4.76354140519744,3.93837761707645,4.93731863581698,4.24474422421688
2.05873295020249,12.0911127713382,5.4820865632379,3.77808691333611,4.72162014943824
3.50404222710167,8.44396210218789,4.39356204010077,3.95708098085135,4.39679534994486
5.41492231174692,4.15253450105386,4.73117003406324,4.86002108157029,3.492744921168
6.99612958154327,4.20684230917883,4.05430866053406,4.62939595354018,4.292444778029
4.4335404823814,7.40505122335781,4.3969690588052,4.60805714319862,4.36075283685236
5.83154260983069,3.50523066801886,4.13316879799889,4.93538946590528,5.1088704094499
4.22920594832997,4.23931144507467,4.25415057099687,3.76055716045164,3.57154255753018
7.05007605304198,4.37832462543646,4.87087480470747,4.57831614659943,3.49926320221678
4.87506857701482,11.8400385712402,3.62537952596004,4.95388739944911,4.14760844210843
5.52885904150488,5.41636232159052,4.96925938229872,4.72598003646992,4.65934516904101
3.68892023532885,12.2035779663627,4.78414984767888,4.82627447235649,4.57689194764862
6.10495656272454,8.55277957441383,4.18958130930176,4.08348461687431,4.59661551831601
5.11337264382599,11.8988607429648,4.90490430799309,4.47200461334056,4.40045310530457
1.62635140637398,9.19702796948397,4.5992335611896,4.30382996908923,4.31039001144428
4.9047503077558,3.908071811953,4.61478822980025,4.7963380479029,3.71155549476842
6.19775035664474,4.33783401140449,4.11230154349719,4.86021391103056,4.46969662872571
3.8435984074066,8.17838913080985,3.98827130764923,4.22826028902848,4.71960487454877
5.62846330320237,11.0260189224218,3.50596017263513,4.3036285075781,3.92966036906475
4.1741983694069,3.40926389838444,4.56724374270741,3.88969847478272,3.84867552715248
5.15529576935571,11.7689139797271,4.35172649695542,4.41839473595733,4.13002180827152
6.16042867225279,10.2788706978023,4.19531017948704,4.77287802815406,5.20138210426914
4.95872948403857,10.0338718690837,4.03081454351155,5.4329677247524,4.48210114331534
4.65870084180233,4.02136704391753,4.77903072856889,3.8245987900043,4.20033694742503
2.56699674424563,3.6342767177898,4.39099536043618,4.72930719862527,4.6940852679558
4.36460839794485,5.73279052276948,4.68912220447589,4.14567747780074,3.92203888691057
4.93153087422039,10.3939689724643,5.32292771605287,5.05010370202611,4.22946709773936
4.50874157771669,3.27203124691353,4.3586855362863,4.51559194383966,4.74429114605394
1.75747941517686,4.94800578388831,3.79938828043063,5.27155695849037,3.77175479853871
2.34680323354984,4.1752374406442,3.55943611051615,4.2077908486336,3.9064345889601
6.43041368341569,13.9666337561316,5.68914819743927,4.29118554684719,4.39009331234192
5.54932138574302,9.83552888221846,4.27718807862054,3.60019905885573,4.52682194492234
6.7870115834959,4.164916360243,4.80435948841338,4.24612679573817,4.64280993494948
4.66179795791257,4.73261893075436,17.0697814832393,4.36553934655633,3.96750878903827
3.69858707789954,13.5779363742546,4.7491601008675,3.80182702477667,4.4229314467951
4.6722592239652,4.08318846439859,3.87685060277941,4.28169024974824,3.91626582803696
5.62416351057919,3.94845721589686,3.84609056884865,3.96789490983341,4.19534350843584
3.7118496891215,10.0649889634194,4.67890051653756,3.61341944114052,4.27964745637368
5.53000102740232,11.8882759460745,4.92107862888156,3.49948272893522,5.06878490415121
4.05753176152504,11.1063068455918,4.75329271374793,4.41380631665024,5.0598912818786
2.77041474093204,11.6218425122007,4.55130636332273,5.07736825338328,4.31659358050936
4.79291369824759,4.61880521134767,4.43853685926611,3.99290472471946,3.65431093451731
1.36114990606742,12.0082259833645,4.33698829963761,4.20459825404855,4.0283972197281
6.53721216003041,4.29797819134056,5.26326290883205,4.99047282637835,3.8471303371978
5.60959361713581,9.55667763846479,4.36471943809426,4.61101035037411,4.46488904302664
4.08154822424554,3.85590427976018,2.9937852018889,4.25886507735243,3.51276332214744
7.33883159837016,13.3492817504426,3.42884159792018,4.69814836824925,4.74677603582008
8.69444338289479,12.2404872588019,4.35156533480954,5.58378137561395,5.31709864893008
5.04041007421707,9.05074984158197,4.45070026538339,4.08523420477398,4.61805770388272
5.04373369840649,4.21111049401941,4.85150288935506,4.9893804436518,4.79510702822911
5.50193727566839,12.2683126820827,3.73476551184466,5.03621160212033,4.26013087759299
4.3556631501015,10.6699316059227,4.52425963900994,5.19769620097835,4.74927967860827
3.79937105564154,3.85338274671623,5.31325861260293,4.14048768940232,4.6837527908618
3.88681015361201,10.3860299859189,4.58322485354616,4.7175154934081,5.46916355306606
4.99270467486158,4.29698136828175,4.18875069542945,3.94323545821085,4.12717141371069
4.81376756106308,10.9219257298296,4.37575578997842,4.55975453236416,3.33574889702946
3.43025374524214,4.32733481434915,5.11042939876743,4.32329186147988,4.32664617623381
7.47940222399272,8.15896425078086,3.69323742419635,5.08385598830631,4.20257835184123
6.58527327701384,9.51953477277369,5.05600684605419,4.48330275986118,3.91925187496382
7.27642548675987,10.2949293613172,4.35180362717362,4.54298779620584,4.30948409787705
2.37069097094645,4.04778735788581,4.90790712760482,3.39026275888001,3.36459722350216
5.29809814764816,13.5390745363198,3.6386930932368,4.26246505740959,3.86076313847082
3.738666641242,3.61027261374187,4.27835133210702,5.34786404387334,4.7552272078409
3.49048876548864,3.76036643896312,4.46082724318083,4.18503966547928,3.91410562187545
7.59281148192609,12.0455907878282,4.52653856299464,4.44710334878464,4.41760390793476
4.32662759286539,4.1206257366998,4.56411719423691,4.22408883378677,3.90936048065548
4.55731581421278,4.20237093021183,5.16298455092594,4.33907670846533,4.36967648925144
4.14614926668061,11.5033298567812,4.29782715083115,3.93162830329552,4.9096317017274
4.53128995814325,4.60944846674273,4.26817673658511,3.51113732652452,5.15010593062768
2.19122116338848,3.41309212970442,4.51219188175298,4.11628878659526,4.20250644021477
3.99838162019633,10.1871109711563,4.44491681596283,4.96670052725725,4.90894615051995
4.09829732632982,14.2318695711679,5.10643506432493,4.57509843562894,3.93057134910416
5.60817296563514,8.30021280260002,4.25574881209844,4.66292478545626,4.54360012678859
4.6541453422589,5.46167590724477,4.49238495771285,4.7966505531271,4.78350803284244
3.37914465226745,12.9909903929456,4.05105136434171,3.75149127055834,4.09879945825424
5.47696721443335,9.85824880444294,3.73167118852337,4.5987142689011,4.67221601011085
4.17606755999944,3.91978521719881,3.80552889174716,5.11275835174294,4.31858968590142
2.6062252033669,4.38427214373621,5.02085888680755,3.90271214902829,5.51164656636077
2.52074994808381,13.1522529976989,3.3601650326447,3.88260649242204,4.6653397902224
6.40775353964356,10.4232935297327,4.81488269470499,3.48985454028657,4.7072116296565
2.97591578870898,9.11284536846765,4.02686205328485,4.55716868675397,4.19499211960018
2.99130000657324,10.9112548617933,4.83396821443128,4.75814259478238,4.97441906869466
5.62555129282633,10.5903085611585,5.13641027733663,4.56820572606895,4.07897513588422
4.69714282933029,8.92131160718236,4.6535241478737,4.6114018090709,4.38056641804547
3.41949010222906,3.42351619937897,5.08054698706562,4.22424387012316,4.80835057519109
3.63148703118456,12.2783724726928,4.89359075434505,4.14602945632807,4.21685210228117
3.71601593198476,13.7277495147208,5.09774699540441,4.43405537408514,4.84674253546721
5.81912844431984,4.16421975830944,4.63499570719051,4.51288240854165,4.29248102381487
4.45025221762891,10.1859739449783,3.54825258531902,5.05056168323954,4.24934643446899
5.38205073163431,3.84897791212641,4.62465248909042,4.62113820225042,4.48973406541159
4.88519800760079,4.41215200564517,3.83660779690268,4.23613328078021,4.25424868947909
4.22826654603638,12.5403562652528,4.29372587155256,3.85170605801039,2.74158164401916
3.84887262418845,12.6307012614062,4.95769661273225,3.67676560656219,4.36780179435441
2.97311856009017,13.3093479395072,3.90673657524772,4.54271547482996,4.70848814199717
3.11512112056882,10.7326046194148,4.74490386641409,3.29326377685149,5.79875952865503
4.18696013382494,9.86355857417398,4.08576431199514,3.94559467838323,4.27415912094639
2.8404679590506,10.3851995717552,4.04946253391574,3.90467507107322,4.23399954525385
5.5961468132231,11.0470243429824,4.87439471098358,4.805296624581,4.38613925043283
4.91994980703204,11.029129688992,4.23718624401393,4.60007565236644,3.86735078709003
8.40574963068389,9.16534475954399,3.61534733382176,4.09223188464574,4.64979020918114
3.4240300315258,9.14423967035451,3.84234099304116,4.17090675363974,4.73172760981076
4.92314126274083,8.6262944735577,4.17555532123672,4.60089347792084,4.20602403685737
3.84248393499299,8.84717775665887,3.9600334783613,4.89395305711433,4.5608860501333
1.98699464668172,4.18864848634033,4.18753147361827,4.3919284231981,4.28314665162874
7.37527664319431,7.14275144230144,5.14869583617305,4.17858007680536,4.60602735921132
4.10813862360221,13.4048710931638,4.74887647626394,4.33327754777766,5.08414303287391
5.97206056295208,4.85400960794043,3.8839708676321,4.0232121637176,4.39727457484931
1.97495785525007,3.89765545193487,4.75148013360702,3.65536935651938,5.23387410375492
5.08927145724174,10.8074278393671,4.08086874132885,3.76386764875137,4.99031997183903
5.06787466873964,11.3168533387352,5.07083853632527,4.47444525307346,4.38769001594586
4.48273684454123,4.1044890091886,4.69938433738496,4.18476055159635,4.62728990709774
6.2497382310452,4.4652210897213,4.40615310738516,3.74338183364147,5.01076558475975
5.33593335709515,12.9696226902951,4.9864405212601,3.55990375215596,4.51477672129167
3.64680508472776,4.20477225726124,4.8991641438258,4.44561606225509,3.74893149162887
2.40224343023735,9.74956888417206,3.72391340505121,3.85182686090453,4.41052797558577
4.5172322741919,4.22464310876002,4.4232092002857,4.6400470056942,3.92934239972927
3.91395264883068,8.92486327649489,4.22358543344866,4.08807318517048,3.36472352999866
4.33271002150368,15.1268342241575,5.1970683513014,4.1535098434803,3.81835895496013
4.42200639237449,4.48144096381644,4.41977606610055,4.36184298849962,4.74629236249198
5.92200889259547,4.04234587957548,4.57846407894901,4.31504744404413,4.69083093406499
4.33144645269396,11.5214117440937,3.99828577864871,3.86037277606622,3.56064073933488
6.23262090919184,3.89022414243404,3.46850493625328,4.00264352318591,4.10071835241831
6.03615598533862,8.99754006841204,4.91916138002204,4.88880297950188,4.6669421312964
5.46452309253268,4.89075368080283,4.16038588959241,3.96001899947865,4.71879536266659
4.50063534411958,4.13097441632408,4.61098831988921,4.19540617343031,3.73126245181225
5.4165393657252,10.706407702321,4.1998982430819,4.46249310959537,3.99001760922311
3.38808840536916,13.6606973002829,4.09683882282218,4.42337258936302,4.53097899398051
6.94906690493477,3.85586417570087,4.02311338868441,5.18401094326113,3.7981749859922
3.05567251021271,4.39847278250166,4.17643440967771,4.73905144649458,3.67197868144492
4.78870522755406,11.4839161270851,4.48234626303285,3.8219049325088,5.33592190834698
2.68840793169691,4.83243018578231,4.0896676055867,4.34385861739436,4.12471328238203
5.77812143960916,10.2744157573375,3.7824452374636,4.00841949211832,4.28023706597915
5.14353047395407,4.31489871079736,5.1702225929742,5.20204265141869,5.44774880502874
6.17472669649561,8.56066969907946,3.83860994483987,4.5001541070427,5.0492474184293
4.74677330959458,12.3494493253131,3.72879149865624,4.36601082515057,3.47573761626891
4.85128999588971,7.82214504374048,4.45678535813627,3.88318722250867,4.60632737826887
4.41812851335041,12.7865080112517,3.91436111234747,3.90995632566431,4.57327636037913
3.4644256551951,3.92956380713604,4.72040890806776,4.68887199877466,4.34138825504372
3.37946568900911,3.62514739012316,3.52212517057089,3.94775175726541,4.85795308460715
4.16563097343711,11.9197959113985,4.14706129682828,5.19175479119152,5.45426714206626
2.7734219065507,4.43902116014341,4.06078934785894,5.11166450009291,3.53998978078549
2.74058866392375,13.1438630836591,4.15381294445914,4.1921604237641,4.4905625434688
3.67210502594817,4.08830456895775,4.07315064380259,4.08052727914994,4.94033969578319
1.55186889729861,3.72092769868496,4.01591497301422,3.80953371790707,4.88890264218502
3.73000290439754,13.2589746355765,5.22907404214342,5.27423410004036,4.09704416385952
6.64983888888457,9.49664507788624,4.21537603651448,4.53045266617863,4.44568491852381
2.23134185888555,11.6004946687311,3.9216447145568,4.2024575037331,3.82613752313988
6.68165289778083,5.12084194848404,4.77885315102077,4.22804781280474,4.52477345973102
5.36986743707079,12.8235117623541,4.04882129586066,4.39935878714526,3.84499708824412
3.71120642097522,5.20043279125928,4.15145704277296,3.54334098348935,3.82601664748812
4.01522848299069,5.24215500262222,4.5644874818951,3.77985339420915,3.5049158154984
5.0637505333184,11.14314589303,4.88112037827616,4.95505856081211,3.9896047272792
4.88674845479397,14.2194118390545,4.32906736914154,4.55381453812281,5.00610208281118
3.68403214994831,13.3450842807439,3.85433977064613,4.34273952964404,3.66813804915747
4.23086814510607,11.7257329242361,5.32646548849846,4.74143473965117,3.8349558052726
4.70573062401919,3.44555339614637,4.42419782644772,4.939329270244,4.82193746478342
4.0402072598051,12.3175734373433,4.94741410228174,5.39656903841612,3.97540955593284
4.16918741314854,10.5233343266446,4.54558940353365,3.6900661104973,5.39854393375203
2.76297042690179,4.45687544790562,4.90136884922309,3.81259063028777,5.1655119304891
3.92268828336605,14.0323660839628,5.04266859955801,3.90077875540955,4.54675027957327
6.79807813208024,7.67013972844344,4.66455219835882,4.07649704796315,3.80213944730051
4.91926014415632,15.7582415722367,4.28765190762121,4.68530254635941,5.06349757518776
4.89820585304966,3.71469605823504,3.92867391359296,3.38186120047203,4.08442216971186
3.91856967133979,10.81177547413,5.1232132205876,5.4457688404721,4.36266850912855
5.12461696709431,11.5460617681218,4.85577328142565,4.75119048563672,4.2751793971181
5.12939868726352,13.9332919721403,4.16146221379601,3.84922077363103,4.24451889236248
5.21701859851589,10.8896852216067,3.95422538752442,4.70393541178535,4.84337298100625
4.58720890161374,4.07209298565443,5.51116019850766,4.45289438774208,3.92139225109393
3.4985027881524,5.51214473147473,4.22033293955667,5.24529638640145,4.53399567472093
4.70196240720127,8.47382814290945,4.37940983826676,5.00503287290893,4.51524270496488
4.22779581400185,10.1800825528903,3.76441580995856,3.87872270524717,4.07324033488304
6.59530966718408,3.89440335819415,3.94803154162986,5.47453957810651,3.89782685468747
6.19807651462792,4.83985281691411,4.37271739009845,5.13397932668348,5.15502256976308
5.77587268680283,11.9720349812005,4.2712756501534,4.45747995994368,4.52784098754937
4.01053360572985,4.91921249263277,4.29277413731955,4.57299757116291,4.09265306382166
5.11093271007647,12.5301760196467,4.23499587748867,4.92731324051099,3.8592388626097
5.83057669769223,9.71260992113701,4.7247724646119,4.71164450495166,4.38471634473657
2.80989899864601,11.9081945373962,4.41923959897185,5.32561050637023,3.10023003351244
2.30916255614136,3.41230909307369,4.49978497565426,4.96012348578804,4.35491432524754
4.13621280107597,11.3155489222399,5.22047947659225,5.23103076304426,3.83977355883898
5.37668815371479,13.9945650189478,5.30032164219593,4.4575882241259,3.71810498962568
5.59265696027789,4.05447256210986,4.80084075545422,3.90516733731837,4.90770383227491
5.06422072154189,9.79944821557476,4.1431113354651,4.27797185136593,5.01659898461834
6.9343998463898,4.22035107998986,4.36718022689573,3.4910704743055,5.36915454108397
3.37078058640237,14.1771844564053,3.92024288073773,4.1519737905669,4.46167417276049
5.22695732294896,12.5113887147649,3.93682909824871,4.5354674390493,4.98723823069292
6.1549123226544,4.92457517548882,3.81155515391136,4.40864396420053,4.10171245180728
7.0551683051067,10.8280191808857,4.06343498141751,4.35678597717063,4.40520519648817
4.9202842059033,6.44562978967195,3.88570039970062,4.57270343401858,3.9201981729933
2.86109866531831,10.5900911783409,4.9143514506323,4.69815179035616,3.72974124975694
3.84485689794721,3.82078763300208,3.58440208337563,4.33508839211059,4.13860682154299
3.40324418125029,9.64848773630205,3.17319174993721,3.8160562422019,4.37244381799267
5.52083708102795,10.9388104417287,3.79884905556516,4.49510764142873,4.71219835232045
3.57509205615516,11.8814681998522,3.49675971546662,5.69642685496883,4.95241106408736
7.13899771771176,11.4742485703764,4.4638729244143,3.81031202531452,4.36918111409581
2.19651692918689,4.80208769367126,3.74960776098591,5.03192241871255,3.75782992847654
6.66019332886759,4.57360715045637,4.44409433134765,3.74444305644854,4.16645498251315
5.56726732713094,9.44190483539071,4.92722703866797,4.2260140137862,4.36424755335564
6.50713496425429,4.11502798636894,3.82733630061179,4.13810551371103,4.60015655387038
5.2963217576132,13.0932508592642,4.19726451728929,5.48969185085545,4.11124278191031
4.36275168301291,12.6263839379128,5.27526062237163,4.9949080710559,4.7460044389683
6.38035596556617,6.96089356972771,4.67226315849483,4.35816144099207,4.58226664816034
5.13141864453963,10.7969141356117,3.92527504909083,4.72888857913835,4.16765145531325
4.46915352702359,3.9143424046751,4.29691952394786,4.78669261108393,4.00744552115159
4.2930438665025,4.14744375508161,5.06935130193675,3.94620170827953,4.57908493166208
5.76612684972285,3.91402719006762,4.5814316702693,4.20131687306228,5.02885959072526
5.02524252572511,9.03835132499261,5.29547412082924,5.42702231919895,4.49277688937446
3.18769177036573,4.29852480396203,4.79806617495951,4.32588704761255,4.06630835661415
5.57919517838292,4.26890404668816,4.75501413184011,4.00555783406045,4.31733547504211
2.33310265264014,13.8171518159198,4.14137293630769,4.47869680703963,4.44176663725534
4.0736889490303,8.60383056353919,4.64987324206223,4.33530128564204,4.66259020736521
6.6735008004725,12.7051875837071,5.10922815406602,4.64708426628916,3.63865234356594
6.47219154901684,4.44754143500271,4.89280630541855,4.04664449420228,4.66573525903423
4.79900348136452,4.30737144616858,4.16203003167514,4.56601047384346,4.95124922744835
3.02584945056411,15.2991478657067,4.84462757020981,4.54611128468047,3.78143254113952
6.16941896071707,9.75504538291738,4.58658783514308,3.43383869189258,4.28290807125012
3.24839653200434,11.3380920750056,4.19989916421501,4.12948063889697,4.08225471804669
6.73008024443929,8.85224309580546,4.89639317795277,4.11537400792991,4.31789663701202
4.93478490861618,10.9345914528982,3.80298444496327,4.25645591411393,4.76759588440724
4.43023095602335,4.33601092645051,3.9557350254886,5.51346378388891,5.26780282329765
4.75775016395543,9.2438279079149,6.05307544838116,4.13346820875864,4.69167930675912
3.3334560476423,4.6465529393982,5.07632479568545,4.81150616291608,5.5346521662283
5.16073471207729,12.8766553202931,3.59528447133237,4.42185174084296,4.43600578803317
6.2226278377339,15.7450675392695,4.58203216911895,4.06249018246051,3.8807534627128
3.04016004345849,10.5019545974069,4.42865864000965,3.88489021436241,5.2925943750047
6.66834997789334,11.9299959260479,4.43215674247645,4.25286275195759,4.28037878717269
4.0228367290945,9.46042507378228,4.72656921655297,3.9130567946252,4.26087308611532
3.77406037965247,4.08490596744508,3.99141413308477,4.77627068434348,5.11533599812714
4.41961381490244,3.99728646611824,4.05968557056345,3.56971614880087,4.03343369774583
5.60271961281043,11.9895139605615,4.07451787247566,4.01704945460715,4.50725163999758
7.68293643678798,3.92483590155812,4.15407370043497,4.70433750880948,3.49261148847827
5.88568674313672,11.6819760979528,4.22626254839076,4.95546351963363,4.05241083917843
3.90344443805937,6.40236045613076,4.55458129942505,4.19889332772106,4.17919560258658
3.82702192863644,3.76706805589997,3.85420405571312,4.33113536476544,4.18898613191536
5.40099360503463,4.25536067754568,5.01554391268952,5.30924922156221,3.82218559900915
2.73943733659776,4.12685415346282,5.97844907531161,4.64138864005327,5.45528993714655
7.50158220928686,10.1610257366414,4.35792296979558,5.45858802964565,3.77002898750804
4.57503572562849,14.0468933659082,4.07635907367938,3.84812678726228,4.54466557328106
5.13291373072709,8.80030987813596,3.49211395972047,4.38057017428369,4.80819795840845
4.88884940971086,4.04123086636611,3.90658922446619,4.5441496242426,3.89802750584079
4.15528464767034,10.5024825905014,3.99105635800142,4.14537071793673,4.05047835001522
3.95158825317925,14.384771134071,4.30799882871659,4.68938062121674,3.97634706337569
4.25619245235706,5.81778379523799,4.23314676882986,4.393458095241,4.24975267159776
3.70041261912537,4.01423418312145,5.41924660109783,4.68668713186541,3.19893703496018
4.92202344105269,4.04328116658446,4.65531500179136,4.68874369266702,4.27742547777458
3.380760510671,13.7529233361065,4.42391788892895,3.88395669674859,4.25419198027456
6.40150744050128,14.1865043251782,4.05484506344913,3.90479081180034,4.78999197127024
2.47826432356181,3.86809784154786,3.78982148613984,4.92790085322273,4.23578432036846
4.37532727709383,3.47785739288035,3.49734348469871,4.11039621619735,4.48582566468834
3.84663276193206,10.8402744510578,4.43983814336026,4.97601743374155,4.3426018348848
5.17045010818698,10.4892433296367,4.15992424772042,3.72940558994415,4.89278527162434
5.70628289647232,3.84137579744488,4.80698334541271,5.11874959732229,4.843829880155
4.87014938303185,8.31062525362821,4.05510793011323,5.68341952178874,4.89720368531484
4.70991586349887,4.03648087759428,4.22573563472899,4.95453888143554,3.5099822672499
5.26961742400471,8.20333236125713,4.13261122875223,4.51278875249003,4.31985443570381
6.20648118445899,10.2084997703991,4.74573357581549,4.29863890392658,3.58306957675425
7.74175395090181,4.05002432182444,5.29914328738236,4.33269787229639,4.8745007861379
5.13239963056025,3.87332761731749,3.72810302498291,4.55904414558752,4.65888690304131
7.62529707575783,3.95197667166226,3.90871379812897,4.23088753351499,3.65469084632393
5.94315882670705,11.0570313600361,5.04747005064519,3.53756322279344,3.7519024103171
1.8918493668983,4.33035103002903,5.1021041798655,4.658963999403,5.23905782965696
4.04624734950372,10.0024274311287,4.21593065425928,4.12302693780017,4.33699103156889
8.5026260341478,3.54994795933877,3.73419970795518,3.92286064443322,4.11259100927204
4.01429814706688,12.3583673310377,3.94328437107105,5.23775674097702,4.18986440489944
5.21403759237733,9.61224378766445,4.59924521698806,4.06806520179954,4.42616021982034
3.90542358801051,3.78138730704345,4.49767031750633,5.25391888104311,4.73385869014262
6.65602460589985,4.44319732431793,4.28576402001928,4.63768596242732,4.12338602414409
4.45732626377574,8.92635787528818,3.86801390511573,5.51644574268892,3.90584011343006
4.7749319590745,13.3860713055013,4.10751346970743,4.69010705099489,4.0285947926318
3.04625105837935,3.84068499411236,4.04185108455666,4.31745352282488,5.26339854893999
8.29714206119718,4.15622616551797,5.19166257286958,4.97989018280258,4.921849938196
5.19286160811016,4.22382475174903,4.81697501381192,4.22486606372226,3.50309571606923
5.12855936058203,6.72190004138814,4.85728534772195,4.36918765823036,4.57410282235657
2.78387150784775,8.27281008731526,3.50060467926393,4.11742087714271,5.57920264851119
2.42313722064317,4.4864429812913,4.95903786984901,4.37220465287199,3.58011441386065
2.65372548420522,14.210706986696,4.43443625735655,4.84792830427574,3.99990363758308
2.37905642109277,11.2346385272628,5.30292242515505,5.4395582740195,4.79190173241667
4.64425437438999,9.51852797256741,4.82494409069781,4.01563140074746,4.16034300008576
5.05739782254711,9.37982232471019,4.48078868276298,4.91187991270092,4.11338984846255
6.1507619534312,3.95762702836455,4.59355239312653,5.17343718278903,3.96588557740181
4.37319727189761,11.1174500809382,4.43315926934226,4.23583945601678,4.21941867785397
5.41553093785925,4.28752776558396,4.40847122834937,4.87175219842879,4.08586658362416
2.71284302577019,3.6559724180829,4.57825837523678,4.79958224726553,3.96537248630996
5.83314408969844,4.78179796167686,3.75145287300843,4.90896099568167,3.73260718808893
4.76719223341832,13.8418832889776,4.87772956806452,5.10654924393419,4.27991085539819
4.77586216414867,10.8079995493989,3.93228460922262,4.84800161561942,3.71306915764303
7.40443424695199,13.7874153450581,4.86026213289466,4.13784647761713,4.08587138298068
3.37294180756054,8.31760521978581,5.3163127471951,4.09404473039084,4.04812139396013
6.15821553570757,11.7829608570364,4.3512225871223,5.09371957911084,4.55994083316385
3.83329906836865,10.2861994259854,4.6597147289685,3.7203389646681,4.96284305863761
4.33588190919607,4.93265708788326,4.41725246940926,4.19477090505753,3.92855289213978
2.62352725089316,5.14647765639736,4.3437251253369,4.1536795146508,4.47656279146941
4.9715673256764,3.87884329818934,3.92575498726696,4.4825236310275,4.67121555236403
1.68328291309781,11.9328225573529,4.09183951713868,4.13537228010482,3.50467630767911
4.90605490823634,3.63805424791421,3.66174540281003,3.86434389753459,4.287377019435
3.11379958537388,10.4771641288593,4.41523733159235,3.22960945130452,4.51495392527975
3.15215289566506,9.5887528877571,4.68323752305449,3.83668243566572,4.13920538387353
1.28501362112312,3.19100312967222,3.62194684863206,4.43241339577174,3.93955397135484
6.14081038812638,9.90723965657031,4.43392495449889,4.60258302905981,4.81642169015005
6.12032012073023,3.67827499465629,4.62810917863849,4.30003123136427,5.08975729854529
6.71896132972082,3.98913489802966,5.31813887329083,3.50264410668834,3.9373013484669
3.88942913156654,11.6586314644311,4.94222959839146,4.75761412167035,4.08277674772318
5.74546204940433,10.4226315655866,3.83665240821479,4.91278970704038,3.75896596387912
6.31737814280607,3.89622435638761,4.91398928399,4.56178832637567,4.06336972534026
3.28655177909133,4.23319141445446,4.51596672222168,4.72009412147265,3.94099831636551
3.54250929518563,14.6959543102827,4.17311931546737,4.81183961645236,4.26289703425869
6.1347398513759,14.3705637531048,3.60414840128806,4.50830040512317,4.40904555369567
3.26362378441232,9.84937794056487,4.48126859474763,4.56072844241617,4.75811545726446
2.71596579587147,12.013932669731,5.02141426603628,4.42417221917948,3.53418502422417
5.38418485303887,10.7219294861659,3.33276023786534,4.40842264689297,3.94012735003004
5.77753916262729,13.5088610418247,3.97941882400926,4.6426542776924,3.76084704486626
6.89146164883411,12.2108445402505,4.27458662159175,3.52869818204498,4.23737831013123
4.07141302756125,4.24892228376581,4.77077576682554,4.50738934322502,3.02839906692588
4.08138268403252,4.16405365767309,4.1639817151492,3.76101495528282,4.23408660352635
5.90605942328148,10.713960605322,3.41446982881461,4.36406550859555,4.48215821138652
5.95348453979262,3.74073068322173,3.43751689671514,4.14073742334736,3.79200348415654
3.10505046936756,8.82690123409657,4.84054352804383,3.67608277590306,4.82568136654522
5.58058747061486,11.7082915719997,4.3197568673752,4.37115870591294,4.48220911770309
6.36478409334192,4.74968291534736,5.51833891139828,4.35458456304888,4.47900313154639
3.85528754720036,10.9710159385747,4.55208084334018,3.28230169477555,4.38384081006196
7.46978163753324,10.0186720344019,4.80381315181006,4.42297341712844,4.99359234527837
5.74498799262336,10.0612245716154,5.2587747470132,4.57602446787269,4.30676258652429
2.64860413157399,10.6182260391621,4.28975313550416,4.83488936878434,4.16578859537279
2.80762681648326,4.43477914313144,4.58301780812363,4.338611281307,4.24081143358746
3.06191637398396,11.8941102498515,4.4492775638471,3.67955620513039,4.88574857168584
6.68272336899574,4.54660309702306,4.77179180170282,5.22879188436395,4.75183461973626
5.65011970547807,3.86248666481719,4.05277698665242,4.60001448445326,5.18679927561067
4.01094665965806,4.13181672048106,4.18296380539184,3.7264166563317,3.97167624978118
3.97344638878954,4.48555887312759,4.55301896991892,4.12338429753123,4.45239780360967
1.47005902523467,14.1160794283234,4.28144054654078,4.4075050182079,4.64483729069692
5.24067491640536,15.7601030318773,3.8299257534995,5.14383307428978,4.20704166681999
2.51501187047857,10.5771781151431,4.58359701304314,4.24042158438182,5.06178886721833
4.84008347463094,11.8305949317119,4.32447264469713,4.34777165232943,4.22852476096074
3.365517359253,4.34429218428096,3.3808809712425,4.28325624218837,3.86738528407802
4.19601565711785,4.16423898549389,5.15355388777327,4.47325502765619,4.12289910905205
6.42732257194849,15.2922065136339,3.909373426965,4.67042804523907,3.86655983663446
2.79018794130394,3.73310123499624,4.31530338812374,4.68616274953037,4.75750669822754
6.28623643786266,13.0077384351594,4.15044441217569,4.71850837351211,5.0237555291872
2.17924837935744,4.25936796877087,4.1697572822298,3.84133090753689,4.03010340317709
8.61868252317083,3.91240492794364,4.69995418005148,3.82871200969942,3.64803666488968
3.33918852169254,4.43109883897808,3.94185536657834,4.89687425993648,4.14665241197774
5.44447374540544,13.1635592034128,4.27656588900066,4.55654618681187,4.04236300303743
6.28023727289376,12.864115901586,3.72230989769062,4.56283670822457,3.76378779059657
4.6016201718184,10.4058945883687,4.52167144895288,4.13818143960662,4.50062562340915
6.3986439612588,4.83827074155602,4.38251264105876,4.02723560923876,4.24724911132574
5.91669353206713,5.19425729340833,4.64131213989743,4.58758917921969,4.26573689689761
6.27081446759744,5.02468310047267,4.44321874880135,3.73780975087552,4.43369593116581
2.97916977544874,12.4456780378034,4.49642533994707,4.42526554814614,4.7232139176695
5.17235695693518,11.4324418422734,4.16890234132364,4.36247182009257,5.22689235388516
3.97118165523161,13.6686778072588,4.94646810578167,5.08730605940727,4.74332693277302
2.40915851348968,3.80629533338691,5.01188874117475,4.13611992652821,4.70671470554188
3.4234385104519,4.96981309233349,4.77515496613095,5.30089942960063,4.63165672159926
4.2287143764913,4.03794676737422,4.35779433053665,5.25031214179599,4.17306660032819
4.73313326695038,10.8381104015254,4.98666062404901,4.31377221130151,4.66943444769935
2.53587181171845,11.4818379110337,4.60668227292464,4.00194387012779,5.27245869452962
7.44747778926356,11.8785812106736,4.35610954642775,4.33628350759731,4.69131385902251
3.78597797096465,9.74635788449748,4.35436691866971,3.89197207705978,4.50969762562509
5.07860344885362,11.0187705476469,4.72827308733655,4.29042637987941,3.66669428144367
3.16105889734517,4.3553622016226,3.81018127639398,4.1234594235072,4.38945200906657
4.86670971910026,14.5341603446908,4.37963944303558,4.6201424014168,3.50930881593131
5.68184502066768,10.5333721052436,4.30606729601979,4.64905320257951,4.32381061205622
5.20728502772247,13.4054141697166,4.15386188310729,4.41270969753874,5.36748752358329
4.83728017562932,3.84039924967486,3.98105740527151,4.11602150669788,4.0062961595014
4.07941320020891,9.77947341425642,3.9489450859911,5.17918744270732,4.87958750671043
3.38950620474044,13.9070899690443,4.96111792980454,4.26927453102163,4.42961799588455
4.76008628574574,11.9559397728922,3.75759027939972,4.46266195553774,3.83666875300879
4.82996034381236,14.9156627809026,5.17467780520691,4.23119585500609,4.68531086655731
4.99909817007228,3.78707158472288,4.62960894493799,4.48848513147439,5.04164115274376
3.97378104800608,12.6246232919372,4.21641381344797,3.69050814821573,4.58929254110119
3.24962307712754,4.10553716454901,5.04574678993869,4.90177052214653,4.36541577709232
4.47863628389738,3.76013445598117,4.494375163916,4.29426702990924,4.49013362726877
3.53102692964864,4.79997053060785,4.3129180499157,5.96641701707303,3.71872624443686
4.88049650906243,12.9781646905803,5.57803446724993,4.47528313890666,3.97635617418308
3.0644543297846,12.0058374347116,4.31107144539934,4.19497103450771,4.68698429947124
4.62695689949745,12.31630925973,4.08566717755007,4.560443556317,4.16493390547822
4.53615810082721,12.1001999881296,3.70826682031557,4.35043652834733,4.30574635607022
3.28867873185403,11.0589186211106,4.20539075042108,4.39866502358091,4.51852101425818
2.60154578979261,15.2401063387253,3.76021867803725,4.16971451025749,4.21288583820281
1.52078187607997,7.26054808866556,3.85356854731938,3.59207773225803,3.82642523765989
4.81379138781763,10.1444965631095,4.7971550069977,3.18290336351307,4.17526568634248
3.44591218841583,4.38504639127716,4.64249747714335,3.99298454760747,4.85834569346028
3.98620845444215,4.21322273984474,4.19788006467597,4.55910910508607,4.29331524307853
1.79169192891406,12.6498688834019,4.75540160831918,4.54787783222085,4.48483406308401
4.79557937918361,10.6902087240659,4.63653925889896,5.34299749799808,5.67788979815996
1.89281200826207,12.7187552210769,4.16346503615374,4.18063852017865,4.18290349377811
1.91094690077348,9.38318457812832,4.54553333951756,4.46106999581544,4.26727482377656
4.17163705939623,4.09987850772138,4.14652959743007,4.76394322348797,5.00023534318838
7.41369619279118,9.73933494038925,5.18436576202627,4.56174982927673,4.14416845105241
6.21295328353576,4.44943166184138,5.12711590124709,5.20963695985784,4.8343459446425
3.84578652970533,9.45372712340828,5.08036380815811,4.1264164663009,4.66209092627976
5.38651540305697,3.44033807456863,4.32204075027697,4.16933316830104,4.26325577225072
3.44063014391477,13.2457879214537,4.40896267661447,4.28127708477188,4.60939546990536
4.70237976267341,7.66515016571573,4.53732777928977,5.06446235635027,5.48038314819422
4.94130811384492,3.79154192640833,3.63762399948749,4.12518819908062,3.90023451233563
6.95288773184655,10.4494435680281,3.80231798824673,3.49199565291372,4.16936447273342
5.12761257455087,4.22801155889486,4.36973320102422,4.39500431657125,3.61297721193604
5.16140828431453,7.42230388132238,4.42456530807115,4.38081733686167,3.97866583649187
5.10116285089168,12.8859180171172,4.1362783216431,4.10538821971529,5.07635612698075
5.49655993847433,14.0430479282534,3.05611626914581,3.70142488820077,4.6105689918027
2.96067255027703,13.9373073941717,3.7462286892046,5.48662914750264,4.97670906076139
4.43319773552402,4.23838777874555,3.84144129409403,4.00289032759727,3.84144845327116
5.58005377106661,12.9207537113696,3.62662139136201,4.5808094489493,4.05253343054846
6.15352012461297,11.8412099376634,4.51255679710109,4.64014998247847,4.65960694808961
5.5491702599818,13.7084677906265,4.84631071959832,4.14601572861346,3.90761913286488
4.80898116411319,4.50524722419394,3.98127424193871,4.33158453051314,4.75444086416951
5.14479447391505,4.22469794359078,4.18700084229681,4.25072858140005,4.57543597697681
4.62785387515274,11.8572148460923,4.77667076876291,3.84914533854432,4.26045101104435
4.5718051179885,12.4253682543404,3.84638567247631,4.39866177406963,4.82817125284337
4.22049810429551,3.60414145872999,3.515828331141,4.17013330555462,4.00386857783063
4.80679827685629,10.7808856416868,4.59610013826923,3.87519135851711,5.24817376287144
4.44840634262152,14.4952051502118,3.7297026689458,4.05499721843793,4.81848634320446
4.02522587640163,5.16986556014279,5.19804357310916,3.89654392932575,4.75490508824892
3.28501148763882,11.525738353543,4.64505128224442,3.7087373945406,4.65744611129945
4.05565308069034,14.0244548001873,4.91653100680534,4.21065098401333,3.82253662750446
4.29512389424167,4.88879664050234,3.26309933979544,6.07739829990402,4.47677384037842
3.5977909445273,10.53391684549,5.30476942066884,4.5614609199508,3.29679792601298
5.95083958430423,8.57927950013968,4.77855093730888,4.34933668452229,3.95238876412716
4.83138403110573,10.4581262873384,3.7296813823259,3.97794874820228,4.60513129409769
6.74061474647104,13.2155123040596,4.81045243930315,3.86915368593987,4.70751988915095
2.7578878388267,4.44180637642561,5.77480322326723,4.55295221892884,4.52523986387987
5.49867372971158,11.4237798613207,3.97753572785702,4.59108973399113,4.20996701996129
4.08139864365776,4.72177348239015,3.48839325238331,5.44672569670151,4.41006911921434
4.28010652915223,12.2259305175787,3.81868032447327,3.84649752610018,4.04961515043979
3.86559961375448,10.4867456755794,4.24689580255773,4.30397045144191,4.38462153290214
4.17936505679661,11.6850676666527,4.67791586720434,4.84390560750257,4.06263974310659
4.10309885294382,4.24653446524405,3.69720527125387,4.95264205345913,4.01093537317286
4.33301031218477,12.4763314991611,3.63252094942955,4.87576721222487,4.15838957407549
5.56421875177929,4.42239659613304,4.14412088450328,4.55560508419825,4.58349683799055
3.8739259679134,4.40065176490469,4.92683561736642,4.641704740516,4.03042221356247
4.95925858142689,4.76060248143495,3.87282699051927,4.81783410138995,4.6251119086888
3.36009055134258,9.3525700598853,4.4666779467455,5.14657343362453,3.57961456213651
4.30276082433996,8.98885296957134,4.19252837565847,4.57266881437727,4.45526988162991
3.25947503589369,9.95855270124678,4.78914258120893,4.24703705310767,4.4398470095558
1.98495383428235,11.4306351112397,3.81770508612842,5.58643989767089,4.49993603955611
3.83858278165839,4.1680496989158,5.14776289314641,4.62933346577014,4.64533463831371
5.89864671454091,12.1226748522226,4.19235035771696,4.77793391421296,4.73402129581492
3.01310269416352,8.87139579192947,4.01373070594368,4.19111936330522,4.7142237991317
3.17447372780608,3.89369216172256,4.50440149593995,5.62516772407453,4.29380446697288
5.26031978233879,4.29099315019626,4.42850701615123,4.73189320778357,3.96944776633687
4.08135590987163,12.3853560044348,4.76966220978325,4.35110557826111,3.79603207982185
4.70626007042708,14.1079089381035,3.87057473415168,4.3282355829241,5.21079906446857
1.75278124613152,9.66850916326865,5.57969615099831,4.57270093769993,4.83006018831337
4.55730741969059,15.4806051315021,4.86662638164127,4.81911694302894,4.66386228641685
4.89147084793315,8.14785661741865,5.223821718565,5.69314205137776,4.79421502121776
4.21347582906196,11.3747644236625,4.689796907241,3.72168335497602,4.8007546619199
5.77969296697541,4.21102198592813,4.67677621518142,3.6963385359793,4.65669547086091
5.3729158653851,13.2401622484118,4.15945093526297,4.12874434097739,3.36333852806136
6.88558560830922,13.4854977800362,4.9556186995165,3.07918612095027,4.74874629898073
3.29426236539532,10.322430825086,4.41544468436035,4.2517470875454,3.31820491509764
4.60729749421715,3.67919722994771,4.9085020574381,3.66911277726908,5.07175517136523
2.69833608810339,10.6995213006724,5.02674518928965,4.21697729950025,3.982977404843
6.03675598676019,11.8915608039124,4.44954287464001,5.27861325835055,4.21108579395185
3.60080676833948,4.54367486170692,3.96903626119026,3.97854548025883,4.5868288575141
4.52038261778203,12.5762934675497,4.23862358549622,4.19606673927892,4.55233079019723
5.6046341865545,4.70749551573453,5.03514872660929,3.62465715232714,4.50145355720336
6.51448270135048,4.63348910955353,4.3767978161793,5.64902156915046,4.17806438067776
3.98961468071045,11.998595375359,3.91803299143425,4.73721789662966,5.06050974719335
6.19022124920896,4.93598504689582,3.80912990428939,4.37026302829987,4.38852143081171
4.78750765530203,10.7302028022072,5.42303268890299,3.79508290937731,3.837221443177
9.42068056930391,4.42433840436352,4.76001701156575,4.63860907386404,3.77518107238886
7.03430677611046,4.82689645137742,4.35877999174516,4.40453576325886,4.86340502564395
2.42425706676512,4.79883652819774,4.4158849717329,3.85641238656994,4.1280563070972
7.17242157991745,7.83576755628433,3.74757568244489,4.09023896994095,4.6018515077764
4.23919758839013,4.24859131282461,4.56453038142559,4.78112709095805,4.62956937512007
3.48488615693013,11.1276008393502,4.82718936587651,4.83226111890259,4.17706346684102
6.75769284611633,9.15224527301386,4.93809950555586,4.38217816107559,4.00431181667658
4.39683949262153,9.65462703326531,4.77325739144474,3.79299431882096,4.41313917846348
5.15286436056772,12.376253553657,4.86407326855177,4.42526357930254,4.97818614898227
2.75189681644609,14.340311713259,4.07346628680082,5.03408645386372,4.07930427618125
3.66734175936838,8.22489171707732,4.27776685038733,4.62276508746593,5.38747254231026
5.57751654993629,13.0683891580363,4.79994204510507,3.90040204674506,4.91869071529532
2.5777555644259,4.74263451549487,4.97385782050901,4.11461120645856,3.68496889272536
5.9101030417689,4.48026350237545,4.64226384275023,3.91791865248218,4.12134312458486
5.66357162671116,13.4649530767311,3.5926597341725,4.84004862495926,3.90265081376445
6.41253764891411,3.91703226377509,4.02826821862748,4.71438089573641,4.24225145409515
4.73436917592763,3.47094538940601,4.53402073063745,3.95305378908328,3.8610224227903
3.99366166568932,12.6951280384846,3.94923912412373,4.3726049164555,4.25231116796573
1.24795825887207,4.48103704984943,4.51333787920757,4.5940047803714,4.20522037458923
4.61320690945155,4.60525257976502,4.4623196249271,6.13811861697727,4.1437503031209
4.7596457087695,3.87507112223277,4.32712440407954,4.81750498216063,4.72827659628027
5.57952055359896,4.88658104142026,4.22619845861673,4.81271776339649,4.48813867263502
5.62278518194478,12.9089349814003,4.39076708282943,4.4117034598455,4.56720789787238
5.42253426988719,9.64338926333696,3.84210933212552,3.97667816987033,4.07871473725313
4.99416496863133,4.70213341123183,4.25625400128822,4.25654289674957,5.16334008432369
3.43849308007357,3.94345264524446,4.97346862644671,3.85372837951734,4.59736816405081
3.30986433469676,4.95283209641743,3.74194180444964,3.84724662026378,4.1328481183976
5.28120666920833,11.4128217599059,4.5659544689755,3.52381582154407,5.54207719676753
5.11223704857346,14.6898864408737,4.37498223242483,3.89385287268775,3.39671598101791
5.52971624875357,11.2594015095336,4.45360558833997,3.94080176561001,4.06877531375982
6.95211821332389,4.75378305205786,4.7741407323348,4.82202754946471,4.18725507858377
6.5552406362744,9.35971586296973,4.09088237750268,4.87094478777405,3.40939394937787
6.29966651776338,11.0363755091392,3.97932712630087,4.24234621689762,3.98919793727924
3.74149720375324,5.00741137482081,4.40832121262596,5.19945652660518,4.56893027051201
3.35565185950413,3.66439500513381,4.15246183328775,5.7191624602609,3.76033184288452
4.51778754463497,13.8248355361056,5.09654506680319,3.65081031100259,4.47347762217211
3.8080307283506,11.9613354822043,5.07133224949999,4.95855887921367,4.57776489951577
6.10420483176035,14.1238981524506,3.36928091157949,4.49450459919733,4.48288043444239
4.69892682901069,4.0925223512616,4.85828736057384,3.68955316643737,4.35473923388053
2.36231495708044,9.5853899201556,5.19448990878935,4.65988358671379,4.25813318172843
4.02613129480374,3.35271418039708,5.9816798417267,4.83356873301558,4.38746594958338
2.6360923434123,10.3122073179426,4.40442172212679,4.26116591579245,3.9744986066862
4.03134061916012,12.5227627982765,3.84772164054167,5.63771376354342,3.9015274653104
6.10002312321804,14.1456526491322,3.43963848507362,4.65794232506506,4.27036151162278
4.82061681830322,10.3473053481062,3.94684125611382,3.96657313073438,4.88842811926669
5.42564203448595,11.1347421613226,4.09541396267968,5.44687466000856,4.39555437142936
4.10432030768959,3.93323773499668,4.94372409119322,4.73406245125735,4.63031297151449
4.96593065115031,10.2660247768521,4.96930268129502,4.61841554434006,3.85830173613332
4.42591976242438,12.5231717760489,3.36911831624114,4.97217961343189,5.24491685184995
5.08376767508419,9.51605190235372,4.11115698025992,3.3765795997666,5.04386824921815
4.78992356185878,4.22255391842098,5.26865971209283,4.66326693949034,3.83566563881461
6.26975947164053,4.50859078747708,4.49640792607271,5.02530658864044,4.08610107214186
2.80215326521293,4.59807368331556,3.93682984719458,4.65913221131187,3.99517193250499
7.76319432516396,4.2021377000586,4.05152186984116,4.0492029089759,3.7615538061792
4.07086973000015,4.61706728306917,4.58681982892731,4.74506126174548,3.96349313241418
8.53926939713955,12.5273802350515,4.02743727895209,3.90606728412171,4.33031268490089
3.9296969365661,5.43178897763986,4.30426390095558,5.00588350399802,4.42634762303619
4.00303851304205,4.33359009290247,4.1956967754806,3.97913133697504,4.2581375270539
5.70300261746404,12.3320124106217,4.12479615208559,3.59835190652383,4.45546501723631
5.60925330212782,12.5088702408444,4.45900650660883,4.24484165430911,4.21501378989591
1.93265747900559,12.6725613195446,5.24372285951257,4.50466236528501,3.54450252383969
6.31471063040683,8.7091025338774,4.52289073835485,3.7561787521041,3.82239336132541
6.1099762450791,13.523940089041,3.53923438460539,4.49070917504931,5.28359051330261
3.43446047757804,11.5734345651126,4.77802449223743,4.67480256020549,3.79327357402359
3.80482534782875,4.57913342567459,3.91462605812936,4.93907480031412,4.2953190544762
5.30602992119837,4.20437469137797,4.64543083470361,4.65658765912535,4.09379847527547
3.75762200171398,14.3841112250607,3.90696953757471,3.41015154651429,4.30314118655957
3.55388162512841,11.7160995157247,3.50660534487113,4.77014120290759,4.78694541558636
6.06325111036949,3.94148928532133,3.51192762316937,5.04093547383181,4.02217003945628
4.36755367639021,9.98168206140038,4.07344594285451,5.33108939377934,4.60672381704109
5.9198909203071,15.5896875116,4.81256731655043,3.63325754561636,4.1885014482147
0.194063109481843,3.78760852120241,4.44428273617375,4.49316522682514,3.90793504616772
5.10931294731544,9.02884322807553,3.60280017834671,4.88022949371511,4.82660548045188
4.67599692483364,10.3514602324989,4.78550252600833,4.1731794536957,3.87092390960395
4.35146315302743,11.600657399244,3.92630355533136,4.27221651213422,4.68512428306148
4.94393277184072,13.0873956788112,4.13487097476653,3.92042776631038,3.66688717640585
5.08704718855035,10.4756017958465,4.45600886756864,3.72367534973589,3.55396617580381
6.61247887500681,10.9937118041456,4.6581861869749,3.99323661432728,3.83676960225661
4.09607083702194,4.9352075419028,4.84584527144443,4.58710748806029,4.25996431965119
2.56677454376844,8.66819847131543,3.92947309457377,4.49138979494692,4.34600922175815
2.96684496027703,3.94473011856696,4.4173281327959,4.90943410355067,4.38420819263975
3.86210296481618,12.093201198033,4.53342387280036,4.24358283087259,4.744087239373
3.7501516675976,14.7557575710309,4.49697440845322,4.21272658360209,4.87132025111534
4.78782565591369,3.99009675631157,4.68620422296553,4.0538776231462,4.64825463775535
5.21068320132004,10.0116299487413,3.40259978842229,4.41881862124594,3.52266234741078
4.30930852899334,8.74386962399723,3.47795566025679,4.26003134446516,4.45828219154
4.30591947329036,9.88129944777186,4.19562050503268,4.0071256301604,3.86619017038906
4.35038661266445,10.921341928027,4.76400261186638,3.30118506062476,3.59557666036542
4.26381821423295,12.3035547612084,4.0252092873392,3.913296759999,4.19050234503966
4.7271438637608,4.88323426930614,4.12098687901263,4.06387614117599,4.80832891556104
4.66912228765454,3.93105060641481,5.03425562248515,4.88332014011157,4.59437494563959
7.35058087956998,13.7072944153197,4.48835160257312,4.31759377462299,4.20392390343008
5.66924935495417,11.3015250227675,4.1270050529363,3.41476086338491,4.2668669548182
2.77934374128319,4.40691917679575,4.69466915453835,4.14064739442677,3.71108890668578
3.26969796743707,12.0716041250991,4.47707812559631,4.84757922452738,3.7919770649626
5.50269512801095,9.26641802500589,4.59838336737109,4.03091220069563,4.35839899461646
4.71851112256079,11.5777421264271,5.10098535520369,3.9576688102299,4.16706939718012
4.53723067975628,8.7594910898298,4.01699863367053,4.58035735157434,4.25596581796538
5.36474094279072,3.61766029348282,4.43135955603119,5.12982342569053,5.041060611887
4.78820693295468,3.54785433093704,3.79503567307637,4.0008789311239,5.60483299290729
5.38215273770284,11.0502626162767,5.12343903734462,4.79418392317587,4.43457858392584
3.13423368788614,4.145567972931,4.40697173104362,4.55028653842848,4.31203274596793
3.79826483625719,13.7935674158785,4.50326756698395,5.12270716983492,5.39573066954215
3.93387915867354,13.209195253251,3.59078121534794,3.57213345922293,4.87791275490402
6.59429712120881,9.782519305384,4.7267448101685,4.94818215583168,5.07416021054505
5.69959450952255,10.5867947779127,4.32437306950846,3.97864487072196,4.45599475250254
6.55277249301663,4.12954594050911,4.47462008490656,4.6719045758908,5.20661279863531
6.4125430729647,9.32620354115092,4.89227223060634,4.9735650532437,4.09375447988599
3.86596634396064,12.3585390027851,4.19200861008042,4.33727108706846,3.8703236926402
5.81190365681548,11.609974395209,4.05294914344525,4.78881768874423,4.76873232022026
3.72962159127638,10.5109963875635,4.80058013683431,5.37089625645261,4.51773239793073
4.170080784511,3.91075297863871,4.4897402951256,3.38803226561991,5.29217099801967
5.07823561627598,14.1699413619214,4.47836900913505,5.18889279505275,5.24906240637966
4.09902125710307,12.0991342334403,4.90074598761183,4.82805407472742,4.4699765401457
4.48062971191815,6.82110686178575,3.43987239348029,4.80885836733338,4.78321458947135
2.97425378316057,3.87291857685001,3.88176047716841,4.88547436911528,4.19791422566338
6.17889580795867,11.5918476183471,4.65157575923714,3.64676339909021,4.52600826677657
2.62723412292387,3.35280645806271,4.57121828826256,5.03746207548915,4.10237944761969
7.29205129784225,14.4436080719118,4.14772241813464,4.58598596720049,4.74225138487816
6.02091047812286,9.54912884063053,4.4796174320868,3.81652960253484,4.30482298032533
3.66436212838658,11.1062768837831,4.70830287498554,3.51118176860258,4.50747697803198
6.20650934310092,4.83449523123101,3.67042323390527,4.1449424090653,4.66935388826627
1.84497855513823,9.09426885475307,4.5066490135168,4.87959457503164,5.61717017567219
4.28689986460117,10.3612580564596,5.10775072399903,4.8407676066408,6.01473463667898
7.59065670360046,4.1278918276132,4.80819507969456,4.5360551770051,3.86171297948166
3.0316923503514,11.5523006352302,3.96552342721612,4.87018494415289,4.21595979075067
6.62996305403829,12.4831406884059,4.70563272777358,4.04105140795989,4.59994779977323
4.61157960163531,10.3490132207997,4.34125875191726,5.47975465939174,3.35983726950392
5.29058618716226,3.06118736581029,3.80371700991957,4.09055412383257,2.96661224575474
2.88132378573138,3.52328214694103,4.21695213343153,4.51359193014672,4.6680339168674
4.96664109159553,4.52464694358043,4.2470599337533,4.29407979431293,3.93396548525032
4.71934448286357,3.56228894163143,4.00920666986532,4.01134814460486,4.8710994390117
3.86675909589476,4.93977066146081,4.57996318975054,4.52407736168288,4.46329870955661
4.46980338471216,4.03926100502028,3.3579892897393,3.94834061421514,3.9770240818161
4.35709017995276,8.71742887882632,4.07959707067318,4.16469699269451,4.63807869565767
4.54950206024618,13.8694700663928,4.25836415005639,4.02774511922521,5.12785124044726
3.27010778849211,12.5819354169185,3.01923427686964,3.87012187230499,4.31987825046187
4.90293599797048,11.4246357134831,4.58283683190555,3.80494795873545,5.02822849528405
4.70303241099479,11.9163602196459,3.67242959701332,4.54638267187965,5.09179497963184
7.48439379820663,4.10309155851871,5.30199963739322,3.77414757103046,4.09517014625572
4.1055868872964,8.57283199084357,3.61826812280962,5.23824503730833,4.56074532787885
3.8168305905748,10.6669437959453,4.17626209257409,3.75310162039519,4.18049878727905
2.80555122780247,11.8978128579024,5.13744636792746,4.63878683769054,4.9658654673562
2.04141255101524,15.0218305115708,5.15225619253256,4.26686709837528,3.73850672729659
4.92272791919796,4.20198359693758,4.39239424273783,3.93776148999784,3.91842131617986
3.84243719041284,11.9648404963855,5.09709607920346,4.2880555616066,4.45373742460971
3.44387873068114,11.425141028565,5.14851937523242,3.8273255219889,4.75736877226618
5.09566666341616,10.8997510492216,4.67662068758076,4.45252661151267,4.46391747181532
5.1711900180643,13.4414729876423,5.09359919565308,4.74522016240652,4.44270999827159
5.64139875763354,10.8030286285615,3.80592262636815,4.87586112029497,4.12466338480559
6.87649648606337,10.7249708132532,4.44727273563206,4.56700106679398,6.32587603904517
5.9904628460329,12.090009103019,4.0823155007244,4.82652673062172,3.64690766173171
2.94007940383731,3.9161496334229,4.65794200012855,3.79279052395729,3.81995500570785
5.68584643667263,7.01196770814866,4.81490106875196,3.92541578492235,4.38351977225404
4.22837634173982,14.4796445602012,4.27047667695101,3.89318810469848,4.22572162179166
5.55105076170674,4.81023591889866,4.53518981286916,3.90632906382785,3.85047957399397
6.95546093035379,10.3775623676425,3.79163593758643,4.94758204687128,4.05760789726252
2.47568660168939,12.565457046743,4.61235811992915,3.81580157146609,4.20889574834838
2.80365357494558,14.2628918950585,3.77218917984194,4.84277487013934,4.11774357467762
4.40972550873758,5.35401573560105,4.1729096319724,5.85520925656337,4.47689027802111
4.52280780179011,4.39671527192019,5.30773591870647,4.27933797274108,4.80894612106362
6.56656431584542,4.41693957224279,3.63016020336841,4.06563697468507,4.31038409814827
8.54711682817577,3.69594020072096,4.80553108478436,4.68851846435754,4.85054720278781
4.74688599952891,4.81462495038336,5.58427836121176,4.59603306588598,4.54810878557159
7.199413315483,11.1033969333895,4.85629635560354,3.06880334235253,3.96158325249545
2.5093592412535,4.3519069202445,4.80219366800272,4.15255953789053,4.36547095106222
5.17076594418837,3.76847973060718,3.03797076355931,4.2014893649313,4.65922880224481
5.58080844536448,12.9137391849495,5.28660366612234,4.04464376410134,3.65007445985987
5.75792869080172,9.55925321671109,5.07181818301014,4.745079182071,5.12239490996321
5.9425062243211,11.3214403187843,4.82986722192724,4.22624267524796,4.26680549364736
6.50654270816892,4.33271139213563,5.17599972562785,4.35764867789402,4.8068183411657
4.95824357094163,8.35644801516143,3.91033583411704,4.77240547642476,3.79520017199651
6.97394042984908,9.40203863741722,4.97857747812968,4.01077272907496,3.85626292884434
2.0654898387249,4.47315562236597,4.43796709928005,4.23135727576821,4.90416839919159
4.32763182396741,3.86136863104615,4.9168147119461,5.07102884867715,4.47955066917697
5.37731946200266,13.6669450950271,4.65562947566436,4.84779471129703,4.01554877084922
3.61042221086072,4.47452840797121,4.02476485008272,3.93477085126648,4.04127414735103
5.18146503401066,9.67835792106164,3.89136290874667,3.90313532404377,4.0927294726824
4.85970769692048,13.7645463974037,3.99055454317965,3.71998501904722,4.80527293899102
6.04841284834465,8.12513455065365,4.12039826578524,4.91558516204035,4.30529356904282
4.2230404534489,3.79544525096243,4.91222614873531,4.75766427424877,3.99023437137878
5.25172105448343,3.88327100208208,4.8457538667353,4.52246503062385,4.39413796511454
5.14558212910402,12.8263153632529,5.24761326829409,4.32826341377296,4.43552219274948
3.94587316452725,4.1322399721239,4.66877907996692,4.45129680602062,3.94120497197667
3.19664001974567,9.43704130250859,3.65281294833481,4.17963826898071,3.99485821037121
2.46150260911904,11.1384144461811,4.19173414158263,4.51357701337287,4.27543620108074
6.04614631334871,11.3463532710655,3.89879937752762,4.55142057412335,4.52582310581771
5.14023209576042,11.8982343476586,4.62602269320287,4.33938097784046,4.42346137409753
3.89984307966754,11.0294921672651,3.76529383068622,3.68837643882454,4.74296769146767
3.59150448001495,9.18297337189075,5.22184032318241,4.35927993422257,4.2878272792014
5.27602998800411,11.9486348111804,4.22627782927922,4.93562222975925,4.15690196422301
6.6683484730598,4.23769034937508,5.82019921950902,3.88702966626801,4.32819961344959
2.99751602791466,11.0577073078155,5.4847413433132,4.75418199762411,4.30693652933273
3.68911736296188,4.84304414785755,3.7592110446011,3.83493911569646,4.002089102184
5.59280102153327,11.1267808584051,4.9260654477829,4.53704209880811,4.68457604423504
6.3274703117313,11.9947356264085,4.69702586705895,3.75388369696404,4.12479971037772
2.89954224483367,3.83888777339572,3.91292607482812,3.90303728198646,5.07454979405746
6.63137559423428,13.2656075848023,4.04272783002271,4.30501071996236,3.68050312932888
5.2772397083453,8.51610002872342,5.40639136706611,3.38253581796698,4.08220961393053
6.88749811057644,10.5827961759131,4.28776497192736,3.93619526646279,3.99810401955517
3.15655982221526,3.7234964124578,4.18381149177606,3.88822160499731,3.88290489818155
3.54504718068921,4.31795717720451,4.54666019396548,4.72409705909955,4.72203617016815
3.4367254383031,4.33379806818795,3.72860088905085,3.35343338227615,4.61109574966832
5.26060859449132,6.96319039757241,4.07289627008612,3.94660096935074,4.12465830135855
4.60379104154314,12.0779376091339,4.22691971275019,4.0642886625958,4.53239603012263
3.34803949629835,8.68472427815284,3.5085312717418,4.56103739611284,4.95955995544592
3.39699753912327,12.1301778054006,5.14488090959919,4.62515188075634,4.32287594452572
5.46486626559274,4.13820460114583,3.03986289950864,4.34572558522504,4.43657592106126
6.64493769714049,4.12589400130022,5.03396150085092,3.82174327832705,4.24426599460232
6.10278224002044,5.17995031097102,4.2255395648689,4.0796578205776,4.32806544158832
4.86231081686693,4.38363474252015,4.07946374437986,4.00035380761268,4.05442251662971
2.77385310035169,9.92219791407861,3.43890025744471,4.21940544680155,4.31277799145879
6.42127802269328,4.39728340736166,5.37039895180249,4.45157901647259,4.75381272911341
3.30388966498714,10.3589453603449,3.70122729314074,4.39802856667889,4.33168082456252
7.21539767910696,3.82389522177326,4.21771957376072,4.62171671909256,4.48774259671965
6.09170281357927,4.82379973565119,5.3589922436784,4.66971781570836,3.89914825943109
5.45215441966427,4.64911829021539,4.74088176055813,3.64472741628371,4.34217072243311
4.50027552020561,11.5463030020653,5.57223209018522,4.38450003957892,4.55777416705147
3.30559988212746,4.41489281428169,4.76114419664172,4.54927627454307,4.72694123679952
7.02657300688811,15.4532927277444,3.69325548385822,4.94814419432776,4.62311191914176
4.24001478655001,3.9774140553089,4.07350646912,4.66050873309242,4.19817893740957
3.52528041460874,4.48615824199235,3.36871709556102,4.14260958322305,4.40622144882283
5.36371353696404,4.3274848865736,3.99923948768474,3.64723505491797,3.97019603021377
4.51287983435487,13.3690003864878,4.34493756675706,4.26812212523971,4.70490300580681
5.91153365693997,10.6119076129957,4.21105023982555,4.91514392468296,3.75464588279521
5.59477204767793,4.40569855719811,4.17836609151014,5.12647038915133,3.59172444966662
3.35385500103216,11.5637778775888,5.16469469276966,4.48802004185897,4.64581660504301
4.28113172205696,12.0329347806913,4.07522796476427,4.554739316028,4.68454054501915
4.74856431754493,9.7700102813949,4.53532472586188,5.08016277178097,4.40947183774807
6.41995404154847,4.43374833239556,4.19946783485055,3.26363220011241,4.29558082578858
6.59719666034856,4.3414577591826,4.79365291479921,4.63319451727393,4.56188653675394
5.10277638428271,13.008776668409,4.09582749498677,3.86734531984076,5.59662694861437
3.54526360123088,4.76722858854757,4.17369882551297,4.80549616491005,4.27049670369279
4.89056938216165,11.6286419860465,4.18684962266492,4.70487330707738,4.11652481069924
7.09916473609783,11.9565780833886,4.58503030394064,4.92260166834498,4.98194901907546
5.30609051836301,3.9454837885357,5.05962161224652,4.11089244616456,3.66182947767744
2.43372456534194,4.6276282413111,4.52444251443794,4.53935523670924,5.06367398393609
4.28853103967996,3.93437289162557,5.46878728931666,4.75883440211953,4.33735534425765
4.81944789002695,4.41841838745221,3.55808671275994,4.70588123797972,4.39184274021136
7.35432765073615,4.16956099566919,4.16304034113499,3.45006459786276,3.98891158108314
6.16507497628012,11.2915044317661,4.62252001039849,4.7460540333758,4.21933889589823
5.25955908717555,7.95726237107826,4.10205765035524,4.26318056061476,4.37942650204299
2.24481339614176,12.5488392872088,5.35590999345473,4.09721312401838,4.16326684074626
5.46620136198553,4.38405233934957,4.9038270554869,4.38600853535138,3.70636919496185
5.09372404598622,4.00106070160667,3.58917613069878,4.33026121723129,4.90117882094672
5.31397853450378,8.53529883868354,4.84794750895679,4.64007060231891,5.02333248201371
5.40193591795868,12.1270442314232,4.47358309507024,3.69341524359184,5.11341308437371
6.32568664534557,14.3812805394106,4.83869976333396,4.45684074205117,4.42525245731012
5.40547181767423,3.66195920549597,4.14823031437889,4.17470737578381,3.66073411974686
3.46310651146518,4.12019234492237,3.98029154394225,4.76001343405008,5.25052122776021
4.37110946140535,4.12448839270476,4.10223533970693,3.28491229707624,5.58130741038782
4.42434937212034,10.1984864912437,3.70834061300381,4.27128420691865,3.6830744139958
2.76498114370832,4.38847637826098,4.09181779341152,4.60423142226791,4.5489719169408
3.57309526988298,4.83525217451975,4.35420264937927,4.87252748239581,3.98518036467916
3.81306405980751,11.2735481443051,3.89942428564637,4.38476597375471,3.09681362227665
4.45458009768615,10.1846034687429,5.06118475648745,4.10216732549901,3.87011986710057
6.01321668097254,11.2061191741496,3.88992244004656,4.08269737778611,4.39119417276371
3.66870729844195,10.9824009566702,4.61192163537662,4.53245554379601,4.43413759825074
5.0523829464672,4.29456535229121,4.28350837410471,3.99628881102662,4.20361150491672
4.2997010186689,3.96032065522138,5.18887867925165,4.52542055536408,4.21745320741389
5.44639160743108,5.16716303858697,4.34045905213907,3.88588347884612,4.69087316626742
3.32883426161755,14.8310004097796,5.17889008662594,4.15953676613394,3.50164946260318
3.17916773132062,4.65037045027798,4.45835350687993,4.1991793575661,4.09240141912149
4.84253623756933,4.51291205735407,4.18312370016524,3.91479224442852,3.5665993370613
7.24178031725365,9.93317053844955,4.66490905680555,4.47665785050301,4.20383003262248
5.55309303236637,15.5948692113772,4.18509381016544,3.74581782459139,4.74426424767226
6.11391369152802,10.6750908240435,4.44629466611705,4.01694545016045,3.89249593634631
4.54316683507777,12.7913112350172,4.27652339057944,4.5027963022661,5.17705628937377
7.79832034662991,4.53681354138076,4.28194843156414,4.69433787190386,4.94483088538505
7.71684875097393,3.83824748023961,3.60592605371904,4.37914939243386,4.85359478527635
6.38338647943437,3.72158337466889,3.87750850957433,4.21312260217181,4.05249739331728
4.74321516048121,10.5856569225319,3.8843091225701,5.05486123343055,4.15539971311152
3.76936375099676,10.1824463545019,4.51649047054271,4.60215236590135,4.42287308070533
5.30882325679149,12.1850280256057,4.73944615672702,3.87663631691455,5.11319139582562
4.79731565818631,13.5327879922629,3.35852096626036,4.45425313724454,4.56203121726268
4.15352882618399,15.0023771102027,4.01177120634066,4.35375288442225,4.46390714734694
3.25222778009151,8.53854086540779,4.98049245045425,4.82496660763926,4.66027042479196
4.59076052770133,11.5255913423905,4.292872582848,4.02764235946383,3.99088927976679
3.28867628639557,9.85373601528458,5.25085484595562,4.44499284926329,4.26708386101935
5.16369932955944,13.2101779076386,4.12002548264029,4.17787252838578,3.6792529828799
4.48563373785863,4.13731638391269,4.19957339113998,4.05638437675017,5.22242877467053
3.47937486675565,3.66694994683735,3.65906278268469,4.24244250990843,5.75754833034319
5.22146100252513,13.6893683577307,3.93521564357684,3.84707074747879,3.54459371251877
4.79920462356239,8.14646693168175,4.71520189263015,4.1920864038782,4.16757798524798
1.36354427784116,10.8471944594268,4.9789577525382,4.22091497174365,4.77355750640868
5.16208738058071,4.86700978446166,3.92867300295855,4.53245359907098,3.74342740940887
4.6274253609415,10.3648276720972,4.61146112778457,3.68026518760725,4.75714576214267
5.58834067451393,4.30437890875467,4.84937195007403,4.23627907188816,4.71351527364585
2.91880172031131,11.2771925118456,3.34215382062673,4.30469589981002,3.66190289310856
2.97266819219983,4.50994259144909,4.35755817671065,4.29259701885763,4.51917251958749
2.31275926379991,3.83902336384114,4.37095909629137,4.50536430776823,3.93248851951213
1.73539833079528,10.6705695485935,4.2209006167003,4.73260509441189,3.7016432459152
3.84677168134078,12.6199567163738,4.75591655971048,4.40213233140489,3.78143231223898
3.12002023881975,12.3633485965285,4.14783805130003,5.76134172002704,3.99863818593004
6.33905261095605,10.8494942374937,4.60750326974971,4.76646506389787,3.9368419875441
5.0257893501999,4.61217196493785,4.63627683303664,4.45183522384258,4.22309602597364
4.93878453188774,4.47534309228834,3.60206824948362,4.16485005661959,3.80291282550814
3.04933660110946,9.20760297311574,4.136110259534,4.26954846978622,4.66982153310322
3.45511596879968,4.34452000582509,5.45553163938451,4.33293691607847,3.89261824340851
4.30380102255524,4.21084972738547,3.66302060552251,3.33692166160359,4.2204878447916
5.23792385419322,8.35997749338105,5.00081842728498,4.64913828103599,4.5146479070291
1.92841241057933,9.97524574317672,5.25230758101536,4.66042353074276,4.28846862512453
1.96698465654378,4.98259951674478,4.56843641961429,5.11666998286414,5.08487375335738
5.92927471988662,11.8510153573223,4.76059753079018,4.71079521591549,4.35013763812102
2.92044924247804,12.0069602901468,6.29213394914259,4.69269735364488,4.3835935187732
3.97425176095365,5.04541155383046,4.29484563784973,3.86050455256278,3.88292261977815
8.84727390203012,11.3996395002816,4.66722630034682,4.26415920284866,3.92636148622692
4.0869486087929,4.57876837479149,4.71256275886389,4.43105921740326,4.32974654547881
5.73983986576049,11.696077197921,3.87466010991508,4.4204814973375,3.33916082333508
7.84409053207101,11.1633718369061,3.83665610979174,4.652192591929,4.67392156692689
7.08747374988447,15.130400310281,4.79406729611351,5.16711286167515,4.3902288630179
4.18176723382156,11.374965107593,3.65718008999941,4.10947890149384,4.29087593486653
4.84503152206694,4.93768432963842,4.01172805549413,4.13662375618438,3.18278553887722
5.55089937767181,4.56590502414872,3.75387720836048,4.47298322174366,4.67143035196125
6.15887250806524,4.30287561620239,4.01049366556097,4.01886952358818,3.94988151149018
5.78216367666109,6.98539715033606,4.15044771720391,4.88857350378266,3.79765326082282
